ID;URL
3402120002;https://www.google.com/maps/place/Balai+Desa+Srimulyo+Piyungan+Bantul/@-7.8331874,110.4636978,17z/data=!3m1!4b1!4m5!3m4!1s0x2e7a510259148651:0xe4f103413e709496!8m2!3d-7.8331874!4d110.4636978
3402120003;https://www.google.com/maps/place/Balai+Desa+Srimartani/@-7.8246456,110.4796917,17z/data=!3m1!4b1!4m5!3m4!1s0x2e7a5056ccf1c293:0x7e854d765bda746f!8m2!3d-7.8246456!4d110.4796917
3402130001;https://www.google.com/maps/place/Balai+Desa+Tamanan/@-7.8441635,110.3834468,17z/data=!3m1!4b1!4m5!3m4!1s0x2e7a56f990ba66cd:0x85aeb574560f24a!8m2!3d-7.8441635!4d110.3834468
3402130002;https://www.google.com/maps/place/Kantor+Lurah+Desa+Jagalan+Banguntapan+Bantul+DIY/@-7.8277569,110.3956366,17z/data=!3m1!4b1!4m5!3m4!1s0x2e7a571a2e4f20b1:0x2eb132b5e86f881e!8m2!3d-7.8277569!4d110.3956366
3402130003;https://www.google.com/maps/place/Balai+Desa+Singosaren/@-7.8343715,110.4006032,17z/data=!4m5!3m4!1s0x2e7a571fc121c43f:0x5a1cfe1a45718e33!8m2!3d-7.8343715!4d110.4006032
3402130004;https://www.google.com/maps/place/Kantor+Lurah+Desa+Wirokerten/@-7.846285,110.402277,17z/data=!4m5!3m4!1s0x2e7a56e802c714d5:0x5adc65a12bc457c6!8m2!3d-7.846285!4d110.402277
3402130005;https://www.google.com/maps/place/Balai+Desa+Jambidan/@-7.8518213,110.4100654,17z/data=!4m5!3m4!1s0x2e7a56c6eb17d747:0x6d0ea12ae21ecdcc!8m2!3d-7.8518213!4d110.4100654
3402130006;https://www.google.com/maps/place/Kantor+Lurah+Desa+Potorono/@-7.8334097,110.4226559,17z/data=!4m5!3m4!1s0x2e7a572a65e08807:0x36136354eb5124c9!8m2!3d-7.8334097!4d110.4226559
3402130007;https://www.google.com/maps/place/Balai+Desa+Baturetno/@-7.8195279,110.4153532,17z/data=!4m5!3m4!1s0x2e7a5730b43d1377:0x6cd64441f78873a9!8m2!3d-7.8195279!4d110.4153532
3402130008;https://www.google.com/maps/place/Balai+Desa+Banguntapan/@-7.8071198,110.4025819,17z/data=!3m1!4b1!4m5!3m4!1s0x2e7a57427fdba893:0xb33a91d740d0f003!8m2!3d-7.8071198!4d110.4025819
3402140001;https://www.google.com/maps/place/Kantor+Kelurahan+Pendowoharjo/@-7.8631968,110.3392656,17z/data=!4m5!3m4!1s0x2e7a561974ddfa31:0x10ec942256b27f0a!8m2!3d-7.8631968!4d110.3392656
3402140002;https://www.google.com/maps/place/Balai+Desa+Timbulharjo/@-7.8712082,110.3608019,17z/data=!4m5!3m4!1s0x2e7a56717996291f:0xd4c6a8e6a1ef21a1!8m2!3d-7.8712082!4d110.3608019
3402140003;https://www.google.com/maps/place/Balai+Desa+Bangunharjo+Sewon+Bantul/@-7.8522881,110.3730666,17z/data=!3m1!4b1!4m5!3m4!1s0x2e7a56595336edab:0xc68e234a645374a8!8m2!3d-7.8522881!4d110.3730666
3402150001;https://www.google.com/maps/place/Balai+Desa+Bangunjiwo/@-7.8398136,110.313422,17z/data=!4m5!3m4!1s0x2e7af88843aaab75:0x533e3f7c3c8e467!8m2!3d-7.8398136!4d110.313422
3402150002;https://www.google.com/maps/place/Kantor+Desa+Tirtonirmolo/@-7.8287361,110.3453763,17z/data=!4m5!3m4!1s0x2e7a57cf8dd200e3:0xf3e4878568c9124!8m2!3d-7.8287361!4d110.3453763
3402150003;https://www.google.com/maps/place/Balai+Desa+Tamantirto/@-7.8249713,110.3269601,17z/data=!3m1!4b1!4m5!3m4!1s0x2e7af876c00de251:0x1154825b09a1ddd!8m2!3d-7.8249713!4d110.3269601
3402150004;https://www.google.com/maps/place/Kantor+Desa+Ngestiharjo/@-7.800759,110.34661,17z/data=!4m5!3m4!1s0x2e7a57f6e869cd2d:0xbb7cdcfb6e06ab3a!8m2!3d-7.800759!4d110.34661
3402160001;https://www.google.com/maps/place/Balai+Desa+Triwidadi/@-7.8614054,110.2681428,17z/data=!3m1!4b1!4m5!3m4!1s0x2e7af9164a878993:0x73e47ee6ef025e13!8m2!3d-7.8614054!4d110.2681428
3402160002;https://www.google.com/maps/place/Balai+Desa+Sendangsari/@-7.8955091,110.2909709,17z/data=!3m1!4b1!4m5!3m4!1s0x2e7aff24493f0769:0xab496e2f82a60de6!8m2!3d-7.8955091!4d110.2909709
3402170001;https://www.google.com/maps/place/Balai+Desa+Argodadi/@-7.8468251,110.2495529,17z/data=!3m1!4b1!4m5!3m4!1s0x2e7af97717b61049:0x13224ec7d512447e!8m2!3d-7.8468251!4d110.2495529
3402170002;https://www.google.com/maps/place/Balai+Desa+Argorejo+Sedayu/@-7.8172908,110.2566068,17z/data=!3m1!4b1!4m5!3m4!1s0x2e7af9ea2c421f1f:0xb8379e8be2f2a49a!8m2!3d-7.8172908!4d110.2566068
3402170003;https://www.google.com/maps/place/Balai+Desa+Argosari/@-7.8200208,110.2400615,17z/data=!4m5!3m4!1s0x2e7af9f460acf4d3:0xc87ea908532ad53e!8m2!3d-7.8200208!4d110.2400615
3402170004;https://www.google.com/maps/place/Balai+Desa+Argomulyo/@-7.8038415,110.2731197,17z/data=!3m1!4b1!4m5!3m4!1s0x2e7af9d70deff00d:0x8551d571e9852549!8m2!3d-7.8038415!4d110.2731197
3403010006;https://www.google.com/maps/place/Kantor+Kepala+Desa+Giriharjo/@-8.0158,110.4178122,17z/data=!4m5!3m4!1s0x2e7bab8c31abf2dd:0x993ea836891fdb4e!8m2!3d-8.0158!4d110.4178122
3403010007;https://www.google.com/maps/place/Balai+Desa+Giriwungu/@-8.0229854,110.4250843,17z/data=!4m5!3m4!1s0x2e7babf527e08111:0x6e2082954986fd78!8m2!3d-8.0229854!4d110.4250843
3403010008;https://www.google.com/maps/place/Balai+Desa+Girimulyo/@-8.0342814,110.4334766,17z/data=!3m1!4b1!4m5!3m4!1s0x2e7bac040a7ccc71:0x3f09c279c3de92db!8m2!3d-8.0342814!4d110.4334766
3403010009;https://www.google.com/maps/place/Balai+Desa+Girikarto/@-8.0709442,110.4421301,17z/data=!4m5!3m4!1s0x2e7baedb3140215f:0x27daf5eb612f0e62!8m2!3d-8.0709442!4d110.4421301
3403010010;https://www.google.com/maps/place/Kantor+Kepala+Desa+Girisekar/@-8.0373204,110.4642419,17z/data=!4m5!3m4!1s0x2e7bac283770a3b7:0xee7cb825eaed6965!8m2!3d-8.0373204!4d110.4642419
3403011001;https://www.google.com/maps/place/Balai+Desa+Girijati/@-8.0023504,110.3453108,17z/data=!4m5!3m4!1s0x2e7baa88314075c9:0x274c82258aed2730!8m2!3d-8.0023504!4d110.3453108
3403011002;https://www.google.com/maps/place/Balai+Desa+Giriasih/@-7.9941157,110.3666978,17z/data=!3m1!4b1!4m5!3m4!1s0x2e7baafa81f17fff:0xe86f9b9617b45fdf!8m2!3d-7.9941157!4d110.3666978
3403011004;https://www.google.com/maps/place/Balai+Desa+Giripurwo/@-8.0301604,110.4031368,17z/data=!4m5!3m4!1s0x2e7babe8177cc8ad:0x3b8b815e94d095b0!8m2!3d-8.0301604!4d110.4031368
3403011005;https://www.google.com/maps/place/Kantor+Kepala+Desa+Giritirto/@-7.9998239,110.3817853,17z/data=!3m1!4b1!4m5!3m4!1s0x2e7bab00f43c219b:0x79fe1b0e1d408fda!8m2!3d-7.9998239!4d110.3817853
3403020001;https://www.google.com/maps/place/Balai+Desa+Karangduwet/@-8.0055098,110.5037901,17z/data=!3m1!4b1!4m5!3m4!1s0x2e7bad90aaecbbdd:0xa570d303df88b8a5!8m2!3d-8.0055098!4d110.5037901
3403020002;https://www.google.com/maps/place/Balai+Desa+Karangasem/@-8.0090882,110.5319674,17z/data=!4m5!3m4!1s0x2e7bb2718acfc8ff:0x284440fd864202e2!8m2!3d-8.0090882!4d110.5319674
3403020003;https://www.google.com/maps/place/Balai+Desa+Mulusan/@-8.0070095,110.544556,17z/data=!4m5!3m4!1s0x2e7bb269c3217855:0x8c2f6dff39b59172!8m2!3d-8.0070095!4d110.544556
3403020005;https://www.google.com/maps/place/Balai+Desa+Sodo/@-8.0040271,110.5598405,17z/data=!4m5!3m4!1s0x2e7bb24fa7abf74d:0x825bad23d92d4441!8m2!3d-8.0040271!4d110.5598405
3403020007;https://www.google.com/maps/place/Balai+Desa+Grogol/@-7.98072,110.5392331,17z/data=!3m1!4b1!4m5!3m4!1s0x2e7bb29186d54f93:0x615e3d5312a929a3!8m2!3d-7.98072!4d110.5392331
3403030001;https://www.google.com/maps/place/Jl.+KE+Balai+Desa+Krambil+Sawit,+Sapto+Sari,+Kabupaten+Gunung+Kidul,+Daerah+Istimewa+Yogyakarta+55871/@-8.062148,110.4847239,17z/data=!4m5!3m4!1s0x2e7bae5cbbed6e09:0x51a36152a51ece62!8m2!3d-8.062148!4d110.4847239
3403030002;https://www.google.com/maps/place/Balaidesa+Gebang+Kanigoro+Saptosari/@-8.1019884,110.5167549,17z/data=!4m5!3m4!1s0x2e7bafe1439b5b0d:0x1a655ed697a56310!8m2!3d-8.1019884!4d110.5167549
3403030003;https://www.google.com/maps/place/Kantor+Kepala+Desa+Planjan/@-8.0936835,110.5535186,17z/data=!3m1!4b1!4m5!3m4!1s0x2e7bb0424fc505df:0xf649a4e2d0f740f7!8m2!3d-8.0936835!4d110.5535186
3403030005;https://www.google.com/maps/place/Balai+Desa+Kepek/@-8.0507206,110.5133525,17z/data=!3m1!4b1!4m5!3m4!1s0x2e7bae22890002a9:0x76c9aee1a25d4394!8m2!3d-8.0507206!4d110.5133525
3403040005;https://www.google.com/maps/place/Balai+Desa+Sidoharjo/@-8.0909489,110.6261716,17z/data=!3m1!4b1!4m5!3m4!1s0x2e7bb737cbcdbdb9:0x63f35c1c16ec507d!8m2!3d-8.0909489!4d110.6261716
3403040006;https://www.google.com/maps/place/BALAI+DESA+TEPUS/@-8.1167975,110.6452494,17z/data=!4m5!3m4!1s0x2e7bb9dc21d0e89f:0xc70236361b20911e!8m2!3d-8.1167975!4d110.6452494
3403040007;https://www.google.com/maps/place/Balai+Desa+Purwodadi/@-8.1527944,110.6832577,17z/data=!3m1!4b1!4m5!3m4!1s0x2e7bb8f5c558dca5:0x8a7979290faab2e7!8m2!3d-8.1527944!4d110.6832577
3403040009;https://www.google.com/maps/place/Balai+Desa+Sumberwungu/@-8.0834271,110.6559243,17z/data=!3m1!4b1!4m5!3m4!1s0x2e7bb70ef720ebf7:0xb5cd092717b1bfa5!8m2!3d-8.0834271!4d110.6559243
3403041001;https://www.google.com/maps/place/Balai+Desa+Kemadang/@-8.0928755,110.570442,17z/data=!4m5!3m4!1s0x2e7bb0f572726693:0x6129788a191e18d5!8m2!3d-8.0928755!4d110.570442
3403041002;https://www.google.com/maps/place/Balai+Desa+Kemiri+Kecamatan+Tanjungsari/@-8.0693281,110.5760883,17z/data=!3m1!4b1!4m5!3m4!1s0x2e7bb103f03408cd:0x323782b4ad110a35!8m2!3d-8.0693281!4d110.5760883
3403041003;https://www.google.com/maps/place/Balai+Desa+Banjarejo/@-8.0966239,110.5996736,17z/data=!4m5!3m4!1s0x2e7bb0b93015333d:0x6afa360b9157b6d4!8m2!3d-8.0966239!4d110.5996736
3403041004;https://www.google.com/maps/place/Balai+Desa+Ngestirejo/@-8.0907571,110.6122207,17z/data=!3m1!4b1!4m5!3m4!1s0x2e7bb0ca39d24f61:0x2c6ce5f81568b5bb!8m2!3d-8.0907571!4d110.6122207
3403041005;https://www.google.com/maps/place/Balai+Desa+Hargosari/@-8.0571321,110.6160187,17z/data=!3m1!4b1!4m5!3m4!1s0x2e7bb1334508df0d:0x2d77e9b100203f47!8m2!3d-8.0571321!4d110.6160187
3403050007;https://www.google.com/maps/place/Kantor+Desa+Melikan/@-8.110941,110.7792971,17z/data=!3m1!4b1!4m5!3m4!1s0x2e7bc623eaaaaaab:0x36ed27226da36ea7!8m2!3d-8.110941!4d110.7792971
3403050010;https://www.google.com/maps/place/Balai+Desa+Bohol/@-8.1352527,110.7475596,17z/data=!3m1!4b1!4m5!3m4!1s0x2e7bc7ba9b46b953:0x5424be1da73c80ad!8m2!3d-8.1352527!4d110.7475596
3403050011;https://www.google.com/maps/place/Balai+Desa+Pringombo/@-8.1086246,110.7559218,17z/data=!4m5!3m4!1s0x2e7bc7d44c1f87a1:0xecf0bea67bc097fc!8m2!3d-8.1086246!4d110.7559218
3403050012;https://www.google.com/maps/place/BALAI+DESA+BOTODAYAKAN/@-8.1347754,110.7234697,17z/data=!3m1!4b1!4m5!3m4!1s0x2e7bc791d7cd2421:0xda32fdd7adc12fbe!8m2!3d-8.1347754!4d110.7234697
3403050013;https://www.google.com/maps/place/Kantor+Desa+Petir/@-8.0804546,110.7338592,17z/data=!4m5!3m4!1s0x2e7bc838c5551c65:0x52996c6686e84d4e!8m2!3d-8.0804546!4d110.7338592
3403050014;https://www.google.com/maps/place/Kantor+Kepala+Desa+Semugih/@-8.0695075,110.7593645,17z/data=!4m5!3m4!1s0x2e7bc992238bd4f5:0x36986a279f12401a!8m2!3d-8.0695075!4d110.7593645
3403050016;https://www.google.com/maps/place/Balai+Desa+Pucanganom/@-8.0550731,110.7284939,17z/data=!4m5!3m4!1s0x2e7bc9c58d0e24cf:0x39206c56619fb11d!8m2!3d-8.0550731!4d110.7284939
3403051001;https://www.google.com/maps/place/Balai+Desa+Balong/@-8.1462196,110.701093,17z/data=!3m1!4b1!4m5!3m4!1s0x2e7bb885aaaaaaab:0xa7de5ab4296966b2!8m2!3d-8.1462196!4d110.701093
3403051002;https://www.google.com/maps/place/Balai+desa+jepitu/@-8.1458316,110.7157986,17z/data=!4m5!3m4!1s0x2e7bc7811ae08413:0xb0a5cd9a21e7568d!8m2!3d-8.1458316!4d110.7157986
3403051004;https://www.google.com/maps/place/Balai+Desa+Tileng./@-8.158832,110.7604225,17z/data=!3m1!4b1!4m5!3m4!1s0x2e7bc6e29ba4ea0b:0x1781c61de1003417!8m2!3d-8.158832!4d110.7604225
3403051005;https://www.google.com/maps/place/Balai+Desa+Nglindur/@-8.1229173,110.7653288,17z/data=!4m5!3m4!1s0x2e7bc6342e882905:0xf7cc34706a1ca6e9!8m2!3d-8.1229173!4d110.7653288
3403051006;https://www.google.com/maps/place/Balai+Desa+Jerukwudel/@-8.1411446,110.7712973,17z/data=!3m1!4b1!4m5!3m4!1s0x2e7bc64fad00001d:0xb7a65bd82c14aa97!8m2!3d-8.1411446!4d110.7712973
3403051007;https://www.google.com/maps/place/Balai+Desa+Pucung/@-8.1642622,110.7843879,17z/data=!4m5!3m4!1s0x2e7bc6be2e74ccd5:0xc26ae32248e83073!8m2!3d-8.1642622!4d110.7843879
3403051008;https://www.google.com/maps/place/Kantor+Desa+Songbanyu/@-8.1469186,110.8144911,17z/data=!3m1!4b1!4m5!3m4!1s0x2e7bc42c64f5c18f:0xb7ff37b6e06532ee!8m2!3d-8.1469186!4d110.8144911
3403060001;https://www.google.com/maps/place/Balai+Desa+Pacarejo/@-8.017715,110.6200645,17z/data=!4m5!3m4!1s0x2e7bb409a9c121e3:0x1ef1dd7cdd009b76!8m2!3d-8.017715!4d110.6200645
3403060002;https://www.google.com/maps/place/Balai+Desa+Candirejo/@-8.0636507,110.659147,17z/data=!3m1!4b1!4m5!3m4!1s0x2e7bb6f95a59657d:0x95d8b165de9c4d45!8m2!3d-8.0636507!4d110.659147
3403060003;https://www.google.com/maps/place/Balai+Desa+Dadapayu/@-8.0581665,110.7052971,17z/data=!3m1!4b1!4m5!3m4!1s0x2e7bb62f3890ff8d:0xd6ad733f89c712c7!8m2!3d-8.0581665!4d110.7052971
3403060004;https://www.google.com/maps/place/Balai+Desa+Ngeposari/@-7.9994227,110.6715924,17z/data=!4m5!3m4!1s0x2e7bb5b1766e4855:0x17a1d8e04102afb!8m2!3d-7.9994227!4d110.6715924
3403060005;https://www.google.com/maps/place/Kantor+Kepala+Desa+Semanu/@-7.9967268,110.6502494,17z/data=!3m1!4b1!4m5!3m4!1s0x2e7bb45adcfe7099:0x68052123a9937ff6!8m2!3d-7.9967268!4d110.6502494
3403070001;https://www.google.com/maps/place/Balai+Desa+Gombang/@-8.0148571,110.6901818,17z/data=!4m5!3m4!1s0x2e7bb5e8416ac1bb:0x24c21aeef3ff201f!8m2!3d-8.0148571!4d110.6901818
3403070002;https://www.google.com/maps/place/Balai+Desa+Sidorejo/@-7.9876793,110.6926012,17z/data=!3m1!4b1!4m5!3m4!1s0x2e7bb59e5eeaba85:0xd45140a0188a7f1c!8m2!3d-7.9876793!4d110.6926012
3403070003;https://www.google.com/maps/place/Balai+Desa+Bedoyo/@-8.0178806,110.7422385,17z/data=!3m1!4b1!4m5!3m4!1s0x2e7bca2409785d87:0xa5a3a9c4edbbaafd!8m2!3d-8.0178806!4d110.7422385
3403070004;https://www.google.com/maps/place/Balai+Desa+Karangasem/@-8.0041715,110.753033,17z/data=!4m5!3m4!1s0x2e7bca366ce024f7:0x3d089c8f932c17ec!8m2!3d-8.0041715!4d110.753033
3403070005;https://www.google.com/maps/place/Balai+Desa+Ponjong/@-7.9821859,110.7149946,17z/data=!3m1!4b1!4m5!3m4!1s0x2e7bca8057720117:0x8fc80102b3c5099f!8m2!3d-7.9821859!4d110.7149946
3403070006;https://www.google.com/maps/place/Balai+Desa+Genjahan/@-7.9702447,110.7105052,17z/data=!3m1!4b1!4m5!3m4!1s0x2e7bb5623fbaccff:0xb0df21a0d86d7fea!8m2!3d-7.9702447!4d110.7105052
3403070007;https://www.google.com/maps/place/Balai+Desa+Sumbergiri/@-7.9658455,110.7227898,17z/data=!4m5!3m4!1s0x2e7bca99ca8ba3af:0x8a022436586ea343!8m2!3d-7.9658455!4d110.7227898
3403070008;https://www.google.com/maps/place/Balai+Desa+Kenteng,+Ponjong,+Gunungkidul/@-7.9879734,110.7526624,17z/data=!4m5!3m4!1s0x2e7bca51487d58b9:0xae85add0eb14062d!8m2!3d-7.9879734!4d110.7526624
3403070009;https://www.google.com/maps/place/Balai+Desa+Tambakromo/@-7.941973,110.7653527,17z/data=!4m5!3m4!1s0x2e7bcb721bc67f87:0xa485ce3bd5fd7ca9!8m2!3d-7.941973!4d110.7653527
3403070010;https://www.google.com/maps/place/Balai+Desa+Sawahan/@-7.9258918,110.7411998,17z/data=!3m1!4b1!4m5!3m4!1s0x2e7a353eb221906b:0x42bd60bf62ff96b5!8m2!3d-7.9258918!4d110.7411998
3403070011;https://www.google.com/maps/place/Kantor+Kepala+Desa+Umbulrejo/@-7.9509471,110.7189604,17z/data=!3m1!4b1!4m5!3m4!1s0x2e7bcaaf25887833:0xace0b720164301d6!8m2!3d-7.9509471!4d110.7189604
3403080001;https://www.google.com/maps/place/Balai+Desa+Bendungan/@-7.9606877,110.6297753,17z/data=!4m5!3m4!1s0x2e7bb4bb24492f43:0x908270c402503fab!8m2!3d-7.9606877!4d110.6297753
3403080002;https://www.google.com/maps/place/Balai+Desa+Bejiharjo/@-7.9378707,110.6390921,17z/data=!3m1!4b1!4m5!3m4!1s0x2e7a4b486a84e2e9:0xab19e7b53f5ab59e!8m2!3d-7.9378707!4d110.6390921
3403080003;https://www.google.com/maps/place/Balai+Desa+Wiladeg/@-7.9555285,110.6490116,17z/data=!4m5!3m4!1s0x2e7bb4cf7292961f:0xed03014e87200517!8m2!3d-7.9555285!4d110.6490116
3403080004;https://www.google.com/maps/place/Balai+Desa+Kelor/@-7.9562022,110.658971,17z/data=!3m1!4b1!4m5!3m4!1s0x2e7bb4d9fe00d72d:0xaf4e300961be2adc!8m2!3d-7.9562022!4d110.658971
3403080005;https://www.google.com/maps/place/Balai+Desa+Ngipak/@-7.9588882,110.6712494,17z/data=!4m5!3m4!1s0x2e7bb5244257119f:0xd534f4ba22922722!8m2!3d-7.9588882!4d110.6712494
3403080008;https://www.google.com/maps/place/Balai+Desa+Ngawis/@-7.9363987,110.664608,17z/data=!3m1!4b1!4m5!3m4!1s0x2e7a4ad7e1d1be67:0xdec49ee3a2c82b1b!8m2!3d-7.9363987!4d110.664608
3403080009;https://www.google.com/maps/place/BALAI+DESA+JATIAYU/@-7.9059446,110.6884588,17z/data=!3m1!4b1!4m5!3m4!1s0x2e7a4a8b2b260ba7:0x459929d658b555a!8m2!3d-7.9059446!4d110.6884588
3403090002;https://www.google.com/maps/place/Balai+Desa+Mulo/@-8.0177403,110.5872242,17z/data=!3m1!4b1!4m5!3m4!1s0x2e7bb3c3f48828a7:0x1da09f21c34d60c6!8m2!3d-8.0177403!4d110.5872242
3403090003;https://www.google.com/maps/place/Balai+Desa+Duwet/@-7.9986445,110.5920911,17z/data=!3m1!4b1!4m5!3m4!1s0x2e7bb3a28ed08fb1:0x7b2d6dfd1499eb34!8m2!3d-7.9986445!4d110.5920911
3403090004;https://www.google.com/maps/place/Balai+Desa+Desa+Wareng/@-7.9894735,110.5779762,17z/data=!4m5!3m4!1s0x2e7bb3070857f2ab:0xa669f2e2c5eab659!8m2!3d-7.9894735!4d110.5779762
3403090005;https://www.google.com/maps/place/Kantor+Pemerintah+Desa+Pulutan/@-7.9722943,110.5639735,17z/data=!4m5!3m4!1s0x2e7bb2e0b0a38bf5:0xc83347d8c3e86356!8m2!3d-7.9722943!4d110.5639735
3403090006;https://www.google.com/maps/place/Balai+Desa+Siraman/@-7.9711495,110.5874505,17z/data=!4m5!3m4!1s0x2e7bb317cdcbb317:0x91fd7a0a5a9d04dc!8m2!3d-7.9711495!4d110.5874505
3403090008;https://www.google.com/maps/place/Balai+Desa+Baleharjo/@-7.9760181,110.6106955,17z/data=!3m1!4b1!4m5!3m4!1s0x2e7bb3641973e5d9:0xfa92aca6c926cf17!8m2!3d-7.9760181!4d110.6106955
3403090009;https://www.google.com/maps/place/Balai+DESA+SELANG/@-7.9672789,110.6203005,17z/data=!4m5!3m4!1s0x2e7bb4a1c992da71:0x12ed3e980f762654!8m2!3d-7.9672789!4d110.6203005
3403090010;https://www.google.com/maps/place/Balai+Desa+Wonosari/@-7.9639953,110.6081786,17z/data=!4m5!3m4!1s0x2e7bb35c7f7a974b:0xae7e2e12dbe22e4b!8m2!3d-7.9639953!4d110.6081786
3403090011;https://www.google.com/maps/place/Kantor+Kepala+Desa+Kepek/@-7.9697362,110.5949168,17z/data=!3m1!4b1!4m5!3m4!1s0x2e7bb34026cfa335:0x2af48a2a602b7ec9!8m2!3d-7.9697362!4d110.5949168
3403090012;https://www.google.com/maps/place/Balai+Desa+Piyaman/@-7.9400159,110.5971595,17z/data=!3m1!4b1!4m5!3m4!1s0x2e7a4cb7a08a5fef:0x64b19e098ac4c0d!8m2!3d-7.9400159!4d110.5971595
3403090014;https://www.google.com/maps/place/Balai+Desa+Gari/@-7.9189978,110.5979202,17z/data=!3m1!4b1!4m5!3m4!1s0x2e7a4c9211640791:0xcdcae725f7fed5b4!8m2!3d-7.9189978!4d110.5979202
3403100002;https://www.google.com/maps/place/Kantor+Kepala+Desa+Plembutan/@-7.9617851,110.5460999,17z/data=!3m1!4b1!4m5!3m4!1s0x2e7bb2c8062410c9:0xdb1b6138c84c55e8!8m2!3d-7.9617851!4d110.5460999
3403100003;https://www.google.com/maps/place/Balai+Desa+Bleberan/@-7.9576639,110.5222195,17z/data=!3m1!4b1!4m5!3m4!1s0x2e7bb2aa04c0d5d7:0x385f53d7962a3c92!8m2!3d-7.9576639!4d110.5222195
3403100004;https://www.google.com/maps/place/Kantor+Kepala+Desa+Desa+Getas/@-7.9302688,110.5052619,17z/data=!3m1!4b1!4m5!3m4!1s0x2e7a5296f360e4f9:0x899329955f0a964a!8m2!3d-7.9302688!4d110.5052619
3403100005;https://www.google.com/maps/place/Balai+Desa+Dengok/@-7.9537222,110.5285955,17z/data=!3m1!4b1!4m5!3m4!1s0x2e7bb2acbc2cb25f:0x46b0ee5c32ca276!8m2!3d-7.9537222!4d110.5285955
3403100006;https://www.google.com/maps/place/Balai+Desa+Ngunut/@-7.9461374,110.5397404,17z/data=!3m1!4b1!4m5!3m4!1s0x2e7a4d4ebfd14e61:0x5677939e4af5b391!8m2!3d-7.9461374!4d110.5397404
3403100009;https://www.google.com/maps/place/Balai+Desa+Bandung/@-7.9276331,110.5654624,17z/data=!3m1!4b1!4m5!3m4!1s0x2e7a4d1ebf19506b:0x21acce1f830783c8!8m2!3d-7.9276331!4d110.5654624
3403100010;https://www.google.com/maps/place/Kantor+Kepala+Desa+Desa+Logandeng/@-7.9378491,110.5745106,17z/data=!3m1!4b1!4m5!3m4!1s0x2e7bb3366f0a5725:0x178b98cffb85dec5!8m2!3d-7.9378491!4d110.5745106
3403100011;https://www.google.com/maps/place/Balai+Desa+Gading/@-7.9123512,110.5553203,17z/data=!3m1!4b1!4m5!3m4!1s0x2e7a4d08596cab01:0x4b39533aa7ec09ac!8m2!3d-7.9123512!4d110.5553203
3403100012;https://www.google.com/maps/place/Balai+Desa+Banaran+Playen/@-7.9169094,110.5349738,17z/data=!3m1!4b1!4m5!3m4!1s0x2e7a4d70c7f6baa9:0xfebb891a73b231dc!8m2!3d-7.9169094!4d110.5349738
3403100013;https://www.google.com/maps/place/Balai+Desa+Ngleri/@-7.9213059,110.5229383,17z/data=!3m1!4b1!4m5!3m4!1s0x2e7a4d7d47ddeeb1:0xc6ca1a1ef37ed0ef!8m2!3d-7.9213059!4d110.5229383
3403110001;https://www.google.com/maps/place/Balai+Desa+Semoyo/@-7.8804704,110.4819643,17z/data=!3m1!4b1!4m5!3m4!1s0x2e7a522e597a1e3d:0x7a16cc276c952b6f!8m2!3d-7.8804704!4d110.4819643
3403110002;https://www.google.com/maps/place/Kantor+Kepala+Desa+Pengkok/@-7.8729311,110.4956094,17z/data=!3m1!4b1!4m5!3m4!1s0x2e7a53d159577691:0x3b0cbb52df112f15!8m2!3d-7.8729311!4d110.4956094
3403110005;https://www.google.com/maps/place/Kantor+Pemerintah+Desa+Nglegi/@-7.8715872,110.5609863,17z/data=!3m1!4b1!4m5!3m4!1s0x2e7a4dd6fa7c7c59:0xd50de8f932948548!8m2!3d-7.8715872!4d110.5609863
3403110006;https://www.google.com/maps/place/Kantor+Kepala+Desa+Putat/@-7.8672431,110.517471,17z/data=!3m1!4b1!4m5!3m4!1s0x2e7a51feeeabf8cd:0x801fcbfac94ec950!8m2!3d-7.8672431!4d110.517471
3403110007;https://www.google.com/maps/place/BALAI+DESA+SALAM/@-7.8541374,110.4904223,17z/data=!3m1!4b1!4m5!3m4!1s0x2e7a51968a83f0af:0x2af5e21b03fc009c!8m2!3d-7.8541374!4d110.4904223
3403110009;https://www.google.com/maps/place/Balai+Desa+Ngoro-oro/@-7.8362693,110.5204795,17z/data=!3m1!4b1!4m5!3m4!1s0x2e7a51d63a0ed8a9:0xe3d2f2d3da99435f!8m2!3d-7.8362693!4d110.5204795
3403110010;https://www.google.com/maps/place/Balai+Desa+Nglanggeran/@-7.8573428,110.5144374,17z/data=!3m1!4b1!4m5!3m4!1s0x2e7a51e468b6dac1:0x9fc33dbd0a2b77a6!8m2!3d-7.8573428!4d110.5144374
3403110011;https://www.google.com/maps/place/Balai+Desa+Terbah/@-7.8235898,110.5586402,17z/data=!3m1!4b1!4m5!3m4!1s0x2e7a4fadeadcfda5:0x5ba67b218e5b5cc9!8m2!3d-7.8235898!4d110.5586402
3403120001;https://www.google.com/maps/place/Kantor+Kepala+Desa+Ngalang/@-7.8831473,110.5755942,17z/data=!3m1!4b1!4m5!3m4!1s0x2e7a4d87c5d123a7:0x5200a00ddb3911f1!8m2!3d-7.8831473!4d110.5755942
3403120002;https://www.google.com/maps/place/Kantor+Kepala+Desa+Hargomulyo/@-7.8384754,110.5915375,17z/data=!3m1!4b1!4m5!3m4!1s0x2e7a4ee84a739c3b:0xc7e08a605b7fc640!8m2!3d-7.8384754!4d110.5915375
3403120003;https://www.google.com/maps/place/Balai+Desa+Mertelu/@-7.8357924,110.6068637,17z/data=!3m1!4b1!4m5!3m4!1s0x2e7a4ecfdb8f3ee9:0x83fd1595e0f9ed0c!8m2!3d-7.8357924!4d110.6068637
3403120004;https://www.google.com/maps/place/Balai+Desa+Tegalrejo/@-7.8034077,110.6408009,17z/data=!3m1!4b1!4m5!3m4!1s0x2e7a48eaa80c2be1:0x2f9ead456fe9455!8m2!3d-7.8034077!4d110.6408009
3403120006;https://www.google.com/maps/place/Kantor+Desa+Sampang/@-7.8009043,110.5768391,17z/data=!3m1!4b1!4m5!3m4!1s0x2e7a4f73df810db1:0x9560886732d9c978!8m2!3d-7.8009043!4d110.5768391
3403120007;https://www.google.com/maps/place/Kantor+Desa+Serut/@-7.7922494,110.5498975,17z/data=!3m1!4b1!4m5!3m4!1s0x2e7a4f8c0b55d1d5:0x5c6487969caebb74!8m2!3d-7.7922494!4d110.5498975
3403130001;https://www.google.com/maps/place/BALAI+DESA+Kedungkeris/@-7.9071251,110.6147433,17z/data=!3m1!4b1!4m5!3m4!1s0x2e7a4c80779f121b:0xd2d607ba1592c67f!8m2!3d-7.9071251!4d110.6147433
3403130003;https://www.google.com/maps/place/Balai+Desa+Pengkol/@-7.8780455,110.5984875,17z/data=!3m1!4b1!4m5!3m4!1s0x2e77621257f6bf7b:0x77339564ef5db48a!8m2!3d-7.8780455!4d110.5984875
3403130004;https://www.google.com/maps/place/Balai+Desa+Kedungpoh/@-7.8703477,110.6226183,17z/data=!3m1!4b1!4m5!3m4!1s0x2e7a4bfbfffffe69:0x784e16f679d807c2!8m2!3d-7.8703477!4d110.6226183
3403130005;https://www.google.com/maps/place/BALAI+DESA+KATONGAN/@-7.8629404,110.6354637,17z/data=!3m1!4b1!4m5!3m4!1s0x2e7a495f306fc7ad:0xa8484eb5bffb3934!8m2!3d-7.8629404!4d110.6354637
3403130007;https://www.google.com/maps/place/Kantor+Kepala+Desa+Natah/@-7.8517446,110.6582451,17z/data=!3m1!4b1!4m5!3m4!1s0x2e7a49ffac2f0181:0xf901a3bb24267239!8m2!3d-7.8517446!4d110.6582451
3403140002;https://www.google.com/maps/place/Balai+Desa+Beji/@-7.8442975,110.6719807,17z/data=!3m1!4b1!4m5!3m4!1s0x2e7a4998dd5a8d2f:0xf571d91e2ba14f0c!8m2!3d-7.8442975!4d110.6719807
3403140004;https://www.google.com/maps/place/KANTOR+KEPALA+DESA+JURANGJERO+NGAWEN/@-7.8159186,110.7003588,17z/data=!3m1!4b1!4m5!3m4!1s0x2e7a482df7dc4fff:0x12e81a3f5ec02146!8m2!3d-7.8159186!4d110.7003588
3403140005;https://www.google.com/maps/place/Balai+Desa+Sambirejo/@-7.8135337,110.7205722,17z/data=!3m1!4b1!4m5!3m4!1s0x2e7a37d17a9b7b31:0xa82534dbb4fa48f!8m2!3d-7.8135337!4d110.7205722
3403150002;https://www.google.com/maps/place/Balai+Desa+Kemejing/@-7.8673598,110.7155471,17z/data=!3m1!4b1!4m5!3m4!1s0x2e7a35f91eba8d65:0x5ac821a67ce59d77!8m2!3d-7.8673598!4d110.7155471
3403150004;https://www.google.com/maps/place/Balai+Desa+Pundung+Sari/@-7.8660292,110.7437509,17z/data=!3m1!4b1!4m5!3m4!1s0x2e7a35dbbcc6df9d:0x65feedc1e6d16ad0!8m2!3d-7.8660292!4d110.7437509
3403150005;https://www.google.com/maps/place/Balai+Desa+Karangsari/@-7.8677392,110.7603464,17z/data=!4m5!3m4!1s0x2e7a342d4e828bef:0x823a490abbb0c859!8m2!3d-7.8677392!4d110.7603464
3403150006;https://www.google.com/maps/place/Balai+Desa+Rejosari+Kec+Semin/@-7.8597195,110.7763997,17z/data=!3m1!4b1!4m5!3m4!1s0x2e7a34272215b3f1:0x20bab4d383d1ace0!8m2!3d-7.8597195!4d110.7763997
3403150007;https://www.google.com/maps/place/Balai+Desa+Bulurejo/@-7.8613947,110.7270414,17z/data=!3m1!4b1!4m5!3m4!1s0x2e7a35e2f5377897:0x1f445c99eba9ee2f!8m2!3d-7.8613947!4d110.7270414
3403150008;https://www.google.com/maps/place/Kantor+Kepala+Desa+Bendung/@-7.8579452,110.7229386,17z/data=!3m1!4b1!4m5!3m4!1s0x2e7a3607cbbf1635:0xed570fb92e81cb08!8m2!3d-7.8579452!4d110.7229386
3403150010;https://www.google.com/maps/place/Balai+Desa+Candirejo/@-7.8318923,110.7622062,17z/data=!3m1!4b1!4m5!3m4!1s0x2e7a36f6655aaee7:0xcc0cc19d51ca25bc!8m2!3d-7.8318923!4d110.7622062
3404010001;https://www.google.com/maps/place/Balai+Desa+Sumberrahayu/@-7.8003918,110.2460492,17z/data=!3m1!4b1!4m5!3m4!1s0x2e7af757bf98c803:0xc3bfd6a7ded7c899!8m2!3d-7.8003918!4d110.2460492
3404010002;https://www.google.com/maps/place/Kantor+Kepala+Desa+Sumber+Sari/@-7.7853018,110.2708376,17z/data=!3m1!4b1!4m5!3m4!1s0x2e7af76dfd8d3b93:0x2cd63857833b5017!8m2!3d-7.7853018!4d110.2708376
3404010003;https://www.google.com/maps/place/Balai+Desa+Sumberagung/@-7.760313,110.2591658,17z/data=!3m1!4b1!4m5!3m4!1s0x2e7af72000fb3d6f:0x4eabfaaa1e689546!8m2!3d-7.760313!4d110.2591658
3404020001;https://www.google.com/maps/place/Balai+Desa+Sendangmulyo/@-7.7427208,110.2301776,17z/data=!3m1!4b1!4m5!3m4!1s0x2e7af135db0ae26f:0xa36b3e32f604ca84!8m2!3d-7.7427208!4d110.2301776
3404020002;https://www.google.com/maps/place/Balai+Desa+Sendang+Arum+Minggir+Slemam/@-7.7437733,110.2553749,17z/data=!3m1!4b1!4m5!3m4!1s0x2e7af6c16c8db16d:0xec1f1dc78fdf0240!8m2!3d-7.7437733!4d110.2553749
3404020003;https://www.google.com/maps/place/Balai+Desa+Sendangrejo/@-7.7254211,110.2662617,17z/data=!3m1!4b1!4m5!3m4!1s0x2e7af69bc37e6cb3:0xace2a1288661ef03!8m2!3d-7.7254211!4d110.2662617
3404020004;https://www.google.com/maps/place/Balai+Desa+Sendangsari+Minggir/@-7.7132952,110.2590324,17z/data=!3m1!4b1!4m5!3m4!1s0x2e7af422074e392b:0xeeb48fd01d36afee!8m2!3d-7.7132952!4d110.2590324
3404020005;https://www.google.com/maps/place/Balai+Desa+Sendangagung/@-7.7268445,110.2345441,17z/data=!3m1!4b1!4m5!3m4!1s0x2e7af1533918b2b5:0x520d905e88d99e3!8m2!3d-7.7268445!4d110.2345441
3404030001;https://www.google.com/maps/place/Balai+Desa+Margoluwih/@-7.7581348,110.2944323,17z/data=!3m1!4b1!4m5!3m4!1s0x2e7af652adebcf77:0x5f4bdcd21710dda1!8m2!3d-7.7581348!4d110.2944323
3404030003;https://www.google.com/maps/place/Balai+Desa+Margomulyo/@-7.7205097,110.3084391,17z/data=!3m1!4b1!4m5!3m4!1s0x2e7af67400000001:0x4ae92b86b745f15f!8m2!3d-7.7205097!4d110.3084391
3404030005;https://www.google.com/maps/place/Balai+Desa+Margokaton/@-7.7153145,110.2901407,17z/data=!3m1!4b1!4m5!3m4!1s0x2e7af5d664669beb:0xb7e0205a7fdccbe!8m2!3d-7.7153145!4d110.2901407
3404040001;https://www.google.com/maps/place/Balai+Desa+Sidorejo/@-7.7614187,110.2672045,17z/data=!3m1!4b1!4m5!3m4!1s0x2e7af71dbe071eeb:0xb6e384cc50eb2b67!8m2!3d-7.7614187!4d110.2672045
3404040002;https://www.google.com/maps/place/Kantor+Desa+Sidoluhur/@-7.7665276,110.288406,17z/data=!3m1!4b1!4m5!3m4!1s0x2e7af7a920b8e5bb:0xb5643bb0a2c9be4a!8m2!3d-7.7665276!4d110.288406
3404040003;https://www.google.com/maps/place/Kantor+Kepala+Desa+Sidomulyo/@-7.7788733,110.2909051,17z/data=!3m1!4b1!4m5!3m4!1s0x2e7af7a2706bfc87:0xebac7afacb7e2f37!8m2!3d-7.7788733!4d110.2909051
3404040004;https://www.google.com/maps/place/Kantor+Desa+Sidoagung/@-7.7678299,110.2940504,17z/data=!3m1!4b1!4m5!3m4!1s0x2e7af7afeb937235:0xa6abe29217047888!8m2!3d-7.7678299!4d110.2940504
3404040005;https://www.google.com/maps/place/Kantor+Kelurahan+Sidokarto/@-7.7768645,110.304617,17z/data=!3m1!4b1!4m5!3m4!1s0x2e7af7bfb1262859:0x110a2eaeb8bdefdb!8m2!3d-7.7768645!4d110.304617
3404040006;https://www.google.com/maps/place/Kantor+Desa+Sidoarum+Kecamatan+Godean+Kabupaten+Sleman/@-7.7755254,110.3256609,17z/data=!3m1!4b1!4m5!3m4!1s0x2e7af7de7aab13e7:0x1b8e53edfe468f3!8m2!3d-7.7755254!4d110.3256609
3404040007;https://www.google.com/maps/place/Kantor+Lurah+Desa+Desa+Sidomoyo/@-7.7641982,110.3207707,17z/data=!3m1!4b1!4m5!3m4!1s0x2e7af7d1b795d3a7:0x17789570dfea2e1f!8m2!3d-7.7641982!4d110.3207707
3404050001;https://www.google.com/maps/place/Kantor+Desa+Balecatur/@-7.8040696,110.3031924,17z/data=!3m1!4b1!4m5!3m4!1s0x2e7af82165e58c4f:0x735d582f79a31742!8m2!3d-7.8040696!4d110.3031924
3404050002;https://www.google.com/maps/place/Balai+Desa+Ambarketawang/@-7.8002513,110.3202931,17z/data=!3m1!4b1!4m5!3m4!1s0x2e7af802dd2caaf3:0xd0dd6fc814595192!8m2!3d-7.8002513!4d110.3202931
3404050003;https://www.google.com/maps/place/Kantor+Desa+Banyuraden/@-7.7879585,110.3343561,17z/data=!3m1!4b1!4m5!3m4!1s0x2e7a5809aaf4a24d:0x3241d8e13bcfd188!8m2!3d-7.7879585!4d110.3343561
3404050004;https://www.google.com/maps/place/Balai+Desa+Nogotirto/@-7.7748728,110.3341772,17z/data=!3m1!4b1!4m5!3m4!1s0x2e7a5874fc12d005:0x4cf5b8d495a0f5ed!8m2!3d-7.7748728!4d110.3341772
3404050005;https://www.google.com/maps/place/Kantor+Kelurahan+Trihanggo/@-7.7612152,110.344612,17z/data=!3m1!4b1!4m5!3m4!1s0x2e7a58649e80701f:0xb354176721adbb23!8m2!3d-7.7612152!4d110.344612
3404060001;https://www.google.com/maps/place/Kantor+Desa+Tirtoadi/@-7.7399895,110.3235174,17z/data=!3m1!4b1!4m5!3m4!1s0x2e7af623c0bba6a9:0x7cb40f4170bc67f4!8m2!3d-7.7399895!4d110.3235174
3404060002;https://www.google.com/maps/place/Kantor+Desa+Sumberadi/@-7.7192439,110.3283515,17z/data=!3m1!4b1!4m5!3m4!1s0x2e7af601a3c1a17d:0xab94b7a0b926e86!8m2!3d-7.7192439!4d110.3283515
3404060003;https://www.google.com/maps/place/Kantor+Kepala+Desa+Desa+Tlogoadi/@-7.7317296,110.3324,17z/data=!3m1!4b1!4m5!3m4!1s0x2e7a58a0c745bc73:0x6771770e25d2bc4a!8m2!3d-7.7317296!4d110.3324
3404060004;https://www.google.com/maps/place/Kantor+Desa+Sendangadi/@-7.7372195,110.3626539,17z/data=!3m1!4b1!4m5!3m4!1s0x2e7a58e95e02bb73:0x252866fb3533dbcb!8m2!3d-7.7372195!4d110.3626539
3404060005;https://www.google.com/maps/place/Kantor+Desa+Sinduadi/@-7.7672498,110.3623418,17z/data=!3m1!4b1!4m5!3m4!1s0x2e7a58441c570b67:0xe06909cf03edf6a0!8m2!3d-7.7672498!4d110.3623418
3404070001;https://www.google.com/maps/place/Kantor+Desa+Caturtunggal/@-7.776743,110.3909442,17z/data=!3m1!4b1!4m5!3m4!1s0x2e7a59c62cad6265:0x2885da1efd3d1a4f!8m2!3d-7.776743!4d110.3909442
3404070002;https://www.google.com/maps/place/Kantor+Pemerintah+Desa+Maguwoharjo/@-7.782609,110.429952,17z/data=!3m1!4b1!4m5!3m4!1s0x2e7a5a0332b0d735:0x894e0825a88c9b9c!8m2!3d-7.782609!4d110.429952
3404070003;https://www.google.com/maps/place/Balai+Desa+Condongcatur/@-7.7573123,110.3966868,17z/data=!3m1!4b1!4m5!3m4!1s0x2e7a59a14a4055c5:0xcb3932037376c617!8m2!3d-7.7573123!4d110.3966868
3404080001;https://www.google.com/maps/place/Balai+Desa+Sendangtirto/@-7.8203988,110.4304923,17z/data=!3m1!4b1!4m5!3m4!1s0x2e7a50cc47cacc73:0x1dc809ac66890013!8m2!3d-7.8203988!4d110.4304923
3404080002;https://www.google.com/maps/place/Balai+Desa+Tegaltirto/@-7.8081267,110.4430665,17z/data=!3m1!4b1!4m5!3m4!1s0x2e7a50b95a64c05b:0xbe263c75d2c6d2c!8m2!3d-7.8081267!4d110.4430665
3404080003;https://www.google.com/maps/place/Balai+Desa+Jogotirto/@-7.8143912,110.4687081,17z/data=!3m1!4b1!4m5!3m4!1s0x2e7a50f464a8abd7:0xdb90706e2a29b68d!8m2!3d-7.8143912!4d110.4687081
3404090002;https://www.google.com/maps/place/Kantor+Kepala+Desa+Wukirharjo/@-7.8194404,110.5204752,17z/data=!3m1!4b1!4m5!3m4!1s0x2e7a502809580fab:0x17f9749faa66707f!8m2!3d-7.8194404!4d110.5204752
3404090004;https://www.google.com/maps/place/Kantor+Desa+Sambirejo/@-7.783719,110.4935196,17z/data=!3m1!4b1!4m5!3m4!1s0x2e7a5a993e2835b5:0xcdc13855195c9a1f!8m2!3d-7.783719!4d110.4935196
3404090005;https://www.google.com/maps/place/Kantor+Kepala+Desa+Madurejo/@-7.7989723,110.4831364,17z/data=!3m1!4b1!4m5!3m4!1s0x2e7a507855b2d539:0xf9ffa2963cc9afa9!8m2!3d-7.7989723!4d110.4831364
3404100001;https://www.google.com/maps/place/Balai+Desa+Purwomartani,Kalasan,Sleman./@-7.7627259,110.4559821,17z/data=!3m1!4b1!4m5!3m4!1s0x2e7a5a467876bc61:0x146f9cdf20a23edf!8m2!3d-7.7627259!4d110.4559821
3404100003;https://www.google.com/maps/place/Kantor+Kepala+Desa+Tamanmartani/@-7.735859,110.484324,17z/data=!3m1!4b1!4m5!3m4!1s0x2e7a5b0e321aa925:0xe5ba79177ce06619!8m2!3d-7.735859!4d110.484324
3404100004;https://www.google.com/maps/place/Balai+Desa+Selomartani/@-7.7322435,110.4606213,17z/data=!3m1!4b1!4m5!3m4!1s0x2e7a5bbcdf9b1fbd:0x68a4774b487baf94!8m2!3d-7.7322435!4d110.4606213
3404110001;https://www.google.com/maps/place/Kantor+Desa+Wedomartani/@-7.7314262,110.4346601,17z/data=!3m1!4b1!4m5!3m4!1s0x2e7a5bdd85003813:0x71dee8fb07c9bd18!8m2!3d-7.7314262!4d110.4346601
3404110004;https://www.google.com/maps/place/Kantor+Kepala+Desa+Bimomartani/@-7.6993595,110.4652465,17z/data=!3m1!4b1!4m5!3m4!1s0x2e7a5de788858901:0xc5a814ac9a771f34!8m2!3d-7.6993595!4d110.4652465
3404110005;https://www.google.com/maps/place/Komp.+Balai+Desa,+Kontingan,+Sindumartani,+Kec.+Ngemplak,+Kabupaten+Sleman,+Daerah+Istimewa+Yogyakarta+55584/@-7.6915053,110.4760641,17z/data=!3m1!4b1!4m5!3m4!1s0x2e7a5c8a4875e1a7:0x2b46acc4b692a5f2!8m2!3d-7.6915053!4d110.4760641
3404120002;https://www.google.com/maps/place/Kantor+Pemerintah+Desa+Sinduharjo/@-7.7180782,110.4053431,17z/data=!3m1!4b1!4m5!3m4!1s0x2e7a59499f738865:0xfbc9df364d715594!8m2!3d-7.7180782!4d110.4053431
3404120003;https://www.google.com/maps/place/Balai+Desa+Minomartani/@-7.7326033,110.4028575,17z/data=!3m1!4b1!4m5!3m4!1s0x2e7a596aa9bc40d3:0xbb3cde1951d75c06!8m2!3d-7.7326033!4d110.4028575
3404120004;https://www.google.com/maps/place/Kantor+Desa+Sukoharjo/@-7.7035533,110.4250676,17z/data=!3m1!4b1!4m5!3m4!1s0x2e7a5c024b026791:0xa5b6d283c0125382!8m2!3d-7.7035533!4d110.4250676
3404120006;https://www.google.com/maps/place/Kantor+Desa+Donoharjo/@-7.6875355,110.3886827,17z/data=!3m1!4b1!4m5!3m4!1s0x2e7a5ee672149b61:0xfa7f1f1008c928b7!8m2!3d-7.6875355!4d110.3886827
3404130001;https://www.google.com/maps/place/Balai+Desa+Caturharjo/@-7.6853557,110.3279087,17z/data=!3m1!4b1!4m5!3m4!1s0x2e7af5887d61b813:0xf49bba7dbfe17d73!8m2!3d-7.6853557!4d110.3279087
3404130002;https://www.google.com/maps/place/Balai+Desa+Triharjo/@-7.6947718,110.3443227,17z/data=!3m1!4b1!4m5!3m4!1s0x2e7a5f42987cf157:0x26ca19b7ad65e107!8m2!3d-7.6947718!4d110.3443227
3404130003;https://www.google.com/maps/place/Kantor+Desa+Tridadi/@-7.7132782,110.3566635,17z/data=!3m1!4b1!4m5!3m4!1s0x2e7a58cacbbc9cf5:0xfddedac80c6768d8!8m2!3d-7.7132782!4d110.3566635
3404130004;https://www.google.com/maps/place/Balai+Desa+Pandowoharjo/@-7.7004891,110.3651138,17z/data=!3m1!4b1!4m5!3m4!1s0x2e7a5f3b1886d427:0xf07a6931b55d5d3b!8m2!3d-7.7004891!4d110.3651138
3404130005;https://www.google.com/maps/place/Kantor+Desa+Trimulyo/@-7.6819242,110.3574764,17z/data=!3m1!4b1!4m5!3m4!1s0x2e7a5f0d0b06edef:0x4e3a87193558a374!8m2!3d-7.6819242!4d110.3574764
3404140002;https://www.google.com/maps/place/Kantor+Kepala+Desa+Tambakrejo/@-7.6838066,110.3018451,17z/data=!3m1!4b1!4m5!3m4!1s0x2e7af5a37757b4e5:0x5bc845d32cc3348!8m2!3d-7.6838066!4d110.3018451
3404140003;https://www.google.com/maps/place/Kantor+Kepala+Desa+Sumberrejo/@-7.6747047,110.305314,17z/data=!3m1!4b1!4m5!3m4!1s0x2e7af50a969bb2e5:0x632296552c1b2a35!8m2!3d-7.6747047!4d110.305314
3404140004;https://www.google.com/maps/place/Kantor+Desa+Pondokrejo/@-7.6641582,110.3073639,17z/data=!3m1!4b1!4m5!3m4!1s0x2e7af56d4bcc295f:0x513482d1ee641d0b!8m2!3d-7.6641582!4d110.3073639
3404140005;https://www.google.com/maps/place/Balai+Desa+Mororejo+Tempel+Sleman/@-7.6702765,110.3179288,17z/data=!3m1!4b1!4m5!3m4!1s0x2e7af5774b1e6f8d:0xa5d35db7a7e18686!8m2!3d-7.6702765!4d110.3179288
3404140006;https://www.google.com/maps/place/Balai+Desa+Margorejo/@-7.6632511,110.3305455,17z/data=!3m1!4b1!4m5!3m4!1s0x2e7af562a6985c2b:0xdf2891ff343b9256!8m2!3d-7.6632511!4d110.3305455
3404140007;https://www.google.com/maps/place/Balai+Desa+Lumbungrejo/@-7.6517573,110.325685,17z/data=!3m1!4b1!4m5!3m4!1s0x2e7af55e6335b4f7:0x1b1f72dfcf64ea55!8m2!3d-7.6517573!4d110.325685
3404140008;https://www.google.com/maps/place/KANTOR+DESA+MERDIKOREJO/@-7.6328815,110.3433977,17z/data=!3m1!4b1!4m5!3m4!1s0x2e7a60081e0440b3:0x860178e1a4cc9a08!8m2!3d-7.6328815!4d110.3433977
3404150001;https://www.google.com/maps/place/Balai+Desa+Bangunkerto/@-7.6528824,110.3567628,17z/data=!3m1!4b1!4m5!3m4!1s0x2e7a5fbf88d584e9:0xf743fa672beb756c!8m2!3d-7.6528824!4d110.3567628
3404150002;https://www.google.com/maps/place/Kantor+Desa+Donokerto/@-7.6543126,110.379348,17z/data=!3m1!4b1!4m5!3m4!1s0x2e7a5e4b2611d3cd:0x56c63e4dfb0c88a!8m2!3d-7.6543126!4d110.379348
3404150003;https://www.google.com/maps/place/Kantor+Desa+Girikerto+Turi+Sleman/@-7.6243361,110.3911373,17z/data=!3m1!4b1!4m5!3m4!1s0x2e7a609b4f422519:0x8a394391d12cc39e!8m2!3d-7.6243361!4d110.3911373
3404150004;https://www.google.com/maps/place/Kantor+Desa+Wonokerto/@-7.6209585,110.3827956,17z/data=!3m1!4b1!4m5!3m4!1s0x2e7a608623aec6a9:0x25a4b127341f6e4f!8m2!3d-7.6209585!4d110.3827956
3404160002;https://www.google.com/maps/place/Kantor+Desa+Candibinangun/@-7.6589394,110.4044032,17z/data=!3m1!4b1!4m5!3m4!1s0x2e7a5e6843835227:0x36a1a99bc91bc61f!8m2!3d-7.6589394!4d110.4044032
3404160004;https://www.google.com/maps/place/Balai+Desa+Pakembinangun/@-7.6589859,110.4221631,17z/data=!3m1!4b1!4m5!3m4!1s0x2e7a5e776f581691:0x6fe09c1c6d229fb8!8m2!3d-7.6589859!4d110.4221631
3404160005;https://www.google.com/maps/place/Kantor+Balai+Desa+Hargobinangun/@-7.6397046,110.4256516,17z/data=!3m1!4b1!4m5!3m4!1s0x2e7a5e081b0270d3:0x1604dc29af26bd1f!8m2!3d-7.6397046!4d110.4256516
3404170001;https://www.google.com/maps/place/Kantor+Desa+Wukirsari/@-7.6577791,110.4438001,17z/data=!3m1!4b1!4m5!3m4!1s0x2e7a5dc68918b915:0x567acbbb0a57d3cc!8m2!3d-7.6577791!4d110.4438001
3404170003;https://www.google.com/maps/place/Balai+Desa+Glagaharjo+Cangkringan+Sleman+Yogyakarta/@-7.6482623,110.4684513,17z/data=!3m1!4b1!4m5!3m4!1s0x2e7a5da1f31b823d:0xa81a0e2b24860d94!8m2!3d-7.6482623!4d110.4684513
3404170004;https://www.google.com/maps/place/Kantor+Desa+Kepuharjo/@-7.6251696,110.4524367,17z/data=!3m1!4b1!4m5!3m4!1s0x2e7a676050dc07ff:0x9aeadd776007c92a!8m2!3d-7.6251696!4d110.4524367
3401010002;https://www.google.com/maps/place/Kantor+Desa+Sindutan/@-7.8859937,110.0480826,17z/data=!3m1!4b1!4m5!3m4!1s0x2e7ae40302c4cc67:0x836282f3a58c5c31!8m2!3d-7.8859937!4d110.0480826
3401010003;https://www.google.com/maps/place/Balai+Desa+Palihan/@-7.886205,110.0573736,17z/data=!3m1!4b1!4m5!3m4!1s0x2e7ae40f78eccce1:0x214ee7d152e0c040!8m2!3d-7.886205!4d110.0573736
3401010004;https://www.google.com/maps/place/Balai+Desa+Glagah/@-7.9029574,110.0727769,17z/data=!3m1!4b1!4m5!3m4!1s0x2e7ae38d8ef4639b:0xdff6ae7a2f1d7fdd!8m2!3d-7.9029574!4d110.0727769
3401010005;https://www.google.com/maps/place/Balai+Desa+Kalidengen/@-7.8925375,110.0804235,17z/data=!3m1!4b1!4m5!3m4!1s0x2e7ae4782451a9c9:0x849b98b919e444f8!8m2!3d-7.8925375!4d110.0804235
3401010008;https://www.google.com/maps/place/Balai+Desa+Demen/@-7.8859353,110.0986431,17z/data=!3m1!4b1!4m5!3m4!1s0x2e7ae4841ca1caa7:0xe3d2ff6cf148f2e6!8m2!3d-7.8859353!4d110.0986431
3401010009;https://www.google.com/maps/place/Balai+Desa+Kulur/@-7.8733162,110.1051441,17z/data=!3m1!4b1!4m5!3m4!1s0x2e7ae49287ba6a11:0xbc51f601d2138f28!8m2!3d-7.8733162!4d110.1051441
3401010010;https://www.google.com/maps/place/Balai+Desa+Kaligintung/@-7.8818747,110.0862513,17z/data=!3m1!4b1!4m5!3m4!1s0x2e7ae464ac6c136d:0xb0604c1fcf29408a!8m2!3d-7.8818747!4d110.0862513
3401010011;https://www.google.com/maps/place/Balai+Desa+Temon+Wetan/@-7.8797166,110.0793218,17z/data=!3m1!4b1!4m5!3m4!1s0x2e7ae46f1274e637:0x29130acbd44dbadd!8m2!3d-7.8797166!4d110.0793218
3401010013;https://www.google.com/maps/place/Balai+Desa+Kebonrejo/@-7.8803423,110.0715266,17z/data=!3m1!4b1!4m5!3m4!1s0x2e7ae46d01b87447:0x7f0d627e27a234ef!8m2!3d-7.8803423!4d110.0715266
3401010014;https://www.google.com/maps/place/Kantor+Kepala+Desa+Janten/@-7.8755832,110.0638659,17z/data=!4m5!3m4!1s0x2e7ae414336c8453:0xb65885a02e0b021b!8m2!3d-7.8755832!4d110.0638659
3401020001;https://www.google.com/maps/place/Balai+Desa+Karangwuni/@-7.9135371,110.0948692,17z/data=!3m1!4b1!4m5!3m4!1s0x2e7ae30adb49f965:0xe7a6a225b6b452d3!8m2!3d-7.9135371!4d110.0948692
3401020002;https://www.google.com/maps/place/Kantor+Balai+Desa+Sogan/@-7.8908635,110.1163433,17z/data=!3m1!4b1!4m5!3m4!1s0x2e7ae36052e77f1f:0xa54f9caf08652f97!8m2!3d-7.8908635!4d110.1163433
3401020003;https://www.google.com/maps/place/Balai+Desa+Kulwaru/@-7.8976628,110.125086,17z/data=!3m1!4b1!4m5!3m4!1s0x2e7ae35bb22215a5:0x818b859e36008ff!8m2!3d-7.8976628!4d110.125086
3401020005;https://www.google.com/maps/place/Balai+Desa+Triharjo/@-7.8761106,110.1359479,17z/data=!3m1!4b1!4m5!3m4!1s0x2e7ae4b3b8d3dc73:0xc4368b4109cb3ee7!8m2!3d-7.8761106!4d110.1359479
3401020006;https://www.google.com/maps/place/Balai+Desa+Bendungan/@-7.8933579,110.1425706,17z/data=!3m1!4b1!4m5!3m4!1s0x2e7afcab0d73911b:0x4ac6bd9e1cfec0cf!8m2!3d-7.8933579!4d110.1425706
3401020007;https://www.google.com/maps/place/Balai+Desa+Giripeni/@-7.8717582,110.1541885,17z/data=!3m1!4b1!4m5!3m4!1s0x2e7afbc1f869a8d7:0x10e7a56c879064f2!8m2!3d-7.8717582!4d110.1541885
3401020008;https://www.google.com/maps/place/Balai+Desa+Wates/@-7.8603033,110.15914,17z/data=!3m1!4b1!4m5!3m4!1s0x2e7afb3c89a301ed:0x2722a9bda3a3d10b!8m2!3d-7.8603033!4d110.15914
3401030001;https://www.google.com/maps/place/Balai+Desa+Garongan/@-7.9250648,110.1342487,17z/data=!3m1!4b1!4m5!3m4!1s0x2e7ae32c1dbdc549:0x6c75ab048896d40e!8m2!3d-7.9250648!4d110.1342487
3401030002;https://www.google.com/maps/place/Balai+Desa+Pleret/@-7.9278436,110.1466177,17z/data=!3m1!4b1!4m5!3m4!1s0x2e7afcd686ae2303:0x143fbddd060dc4d1!8m2!3d-7.9278436!4d110.1466177
3401030003;https://www.google.com/maps/place/Balai+Desa+Bugel/@-7.9256808,110.1593767,17z/data=!3m1!4b1!4m5!3m4!1s0x2e7afcdebda7374d:0xdbd2e0c19970b43c!8m2!3d-7.9256808!4d110.1593767
3401030004;https://www.google.com/maps/place/Balai+Desa+Kanoman+Panjatan+Kulon+Progo/@-7.913114,110.1676888,17z/data=!3m1!4b1!4m5!3m4!1s0x2e7afce5eaaaaaab:0x1bbd7661443149b3!8m2!3d-7.913114!4d110.1676888
3401030005;https://www.google.com/maps/place/Balai+Desa+Depok/@-7.9108399,110.1590803,17z/data=!3m1!4b1!4m5!3m4!1s0x2e7afcc43fffffff:0xf4d9a36c36043878!8m2!3d-7.9108399!4d110.1590803
3401030007;https://www.google.com/maps/place/Kompleks+Balai+Desa+Tayuban/@-7.9051064,110.1524422,17z/data=!3m1!4b1!4m5!3m4!1s0x2e7afcb9fcf4fd27:0x1711279a22d687e8!8m2!3d-7.9051064!4d110.1524422
3401030008;https://www.google.com/maps/place/Balai+Desa+Gotakan/@-7.8967868,110.1618996,17z/data=!3m1!4b1!4m5!3m4!1s0x2e7afca2f0bcb6d9:0xa913530f171467b5!8m2!3d-7.8967868!4d110.1618996
3401030010;https://www.google.com/maps/place/Balai+Desa+Cerme+Panjatan+Kulon+Progo+Yogyakarta/@-7.8986528,110.1773813,17z/data=!3m1!4b1!4m5!3m4!1s0x2e7afc8d0c756389:0xff2f51760f47f3da!8m2!3d-7.8986528!4d110.1773813
3401030011;https://www.google.com/maps/place/Balai+Desa+Krembangan/@-7.8980706,110.1901637,17z/data=!3m1!4b1!4m5!3m4!1s0x2e7afc62d0295913:0x21ca6291728687ae!8m2!3d-7.8980706!4d110.1901637
3401040001;https://www.google.com/maps/place/Balai+Desa+Karangsewu/@-7.9449363,110.2100687,17z/data=!3m1!4b1!4m5!3m4!1s0x2e7afdbf12803ee1:0x8e144793cdcf8e29!8m2!3d-7.9449363!4d110.2100687
3401040002;https://www.google.com/maps/place/Balai+Desa+Banaran/@-7.9626686,110.2149355,17z/data=!3m1!4b1!4m5!3m4!1s0x2e7afdf39ce6f727:0x1150300d451d624!8m2!3d-7.9626686!4d110.2149355
3401040003;https://www.google.com/maps/place/Kantor+Balai+Desa+Kranggan/@-7.9473833,110.2236042,17z/data=!3m1!4b1!4m5!3m4!1s0x2e7afdc2aac5fffd:0xb2deef039b6a4e33!8m2!3d-7.9473833!4d110.2236042
3401040006;https://www.google.com/maps/place/Balai+Desa+Pandowan/@-7.9411326,110.2156263,17z/data=!3m1!4b1!4m5!3m4!1s0x2e7afdc6e8d6a7f1:0xbe1066e51b73fecc!8m2!3d-7.9411326!4d110.2156263
3401050002;https://www.google.com/maps/place/Balai+Desa+Bumirejo,+Lendah,+Kab.+Kulon+Progo,+Daerah+Istimewa+Yogyakarta/@-7.9124299,110.1967948,17z/data=!3m1!4b1!4m5!3m4!1s0x2e7afc6494a12c0f:0xd6c55c203d91cb8f!8m2!3d-7.9124299!4d110.1967948
3401050003;https://www.google.com/maps/place/Balai+Desa+Jatirejo/@-7.9304275,110.2310949,17z/data=!3m1!4b1!4m5!3m4!1s0x2e7afdd41561d0fd:0x3b02b56c85d4472b!8m2!3d-7.9304275!4d110.2310949
3401050004;https://www.google.com/maps/place/Kantor+Desa+Sidorejo/@-7.9207812,110.2415217,17z/data=!3m1!4b1!4m5!3m4!1s0x2e7afe86aaaaaaab:0x295139250a4d5959!8m2!3d-7.9207812!4d110.2415217
3401050005;https://www.google.com/maps/place/Balai+Desa+Gulurejo/@-7.9121284,110.2625629,17z/data=!3m1!4b1!4m5!3m4!1s0x2e7afeedab01f291:0xcfe428f0c0f901b6!8m2!3d-7.9121284!4d110.2625629
3401050006;https://www.google.com/maps/place/Kantor+Desa+Ngentakrejo/@-7.9029538,110.2652844,17z/data=!3m1!4b1!4m5!3m4!1s0x2e7afec1f5719ddd:0x8abb5aa106802c84!8m2!3d-7.9029538!4d110.2652844
3401060002;https://www.google.com/maps/place/Balai+Desa+Srikayangan/@-7.8871346,110.2098689,17z/data=!3m1!4b1!4m5!3m4!1s0x2e7afc756ecb6bdd:0x58b2ccceb8f0d478!8m2!3d-7.8871346!4d110.2098689
3401060003;https://www.google.com/maps/place/Balai+Desa+Tuksono/@-7.8635237,110.2476283,17z/data=!3m1!4b1!4m5!3m4!1s0x2e7af96800e65137:0xb22f70d29d8d9310!8m2!3d-7.8635237!4d110.2476283
3401060004;https://www.google.com/maps/place/Kantor+Balai+Desa+Salamrejo+Sentolo+Kulon+Progo+Yogyakarta/@-7.8469311,110.2263457,17z/data=!3m1!4b1!4m5!3m4!1s0x2e7afbd255ca9203:0x8808914c02604b19!8m2!3d-7.8469311!4d110.2263457
3401060005;https://www.google.com/maps/place/Kantor+Desa+Sukoreno/@-7.8594066,110.2130366,17z/data=!3m1!4b1!4m5!3m4!1s0x2e7afbc746d86e81:0x50eaa59878a98853!8m2!3d-7.8594066!4d110.2130366
3401060006;https://www.google.com/maps/place/Balai+Desa+Kaliagung/@-7.8302349,110.2035622,17z/data=!3m1!4b1!4m5!3m4!1s0x2e7afa4470a89a67:0xe62531221c043779!8m2!3d-7.8302349!4d110.2035622
3401060007;https://www.google.com/maps/place/Kantor+Kepala+Desa+Sentolo/@-7.8368841,110.2182639,17z/data=!3m1!4b1!4m5!3m4!1s0x2e7afa31282b0089:0xdbdbb9132067179e!8m2!3d-7.8368841!4d110.2182639
3401060008;https://www.google.com/maps/place/Balai+Desa+Banguncipto/@-7.815629,110.2261248,17z/data=!3m1!4b1!4m5!3m4!1s0x2e7afa1af96d3c23:0xcf57db58c9640691!8m2!3d-7.815629!4d110.2261248
3401070001;https://www.google.com/maps/place/Balai+Desa+Tawangsari/@-7.883439,110.110761,17z/data=!3m1!4b1!4m5!3m4!1s0x2e7ae4a3055fe32d:0x2ab616fdf07f3312!8m2!3d-7.883439!4d110.110761
3401070002;https://www.google.com/maps/place/Kantor+Kepala+Desa+Karangsari/@-7.8584027,110.1463504,17z/data=!3m1!4b1!4m5!3m4!1s0x2e7afb2e0047c63d:0xa9cdef3f629f8921!8m2!3d-7.8584027!4d110.1463504
3401070003;https://www.google.com/maps/place/Balai+Desa+Kedungsari/@-7.8696805,110.1944442,17z/data=!3m1!4b1!4m5!3m4!1s0x2e7afb99303236bf:0xa550b9d2d0bdce7e!8m2!3d-7.8696805!4d110.1944442
3401070004;https://www.google.com/maps/place/Balai+Desa+Margosari/@-7.8609279,110.1778791,17z/data=!3m1!4b1!4m5!3m4!1s0x2e7afb1ae7fac8bf:0x9dd50bbb53a6d4bb!8m2!3d-7.8609279!4d110.1778791
3401070006;https://www.google.com/maps/place/Balai+Desa+Sendangsari,+Pengasih/@-7.8357014,110.1656443,17z/data=!3m1!4b1!4m5!3m4!1s0x2e7afae815661269:0x9d7519b8321e673e!8m2!3d-7.8357014!4d110.1656443
3401070007;https://www.google.com/maps/place/Kantor+Balai+Desa+Sidomulyo/@-7.7961348,110.15539,17z/data=!3m1!4b1!4m5!3m4!1s0x2e7af011d4b9acbf:0x9d470f4e3a1e23ad!8m2!3d-7.7961348!4d110.15539
3401080001;https://www.google.com/maps/place/Balai+Desa+Hargomulyo+Kokap+Kulonprogo+DIY/@-7.8685021,110.0612548,17z/data=!3m1!4b1!4m5!3m4!1s0x2e7ae43c72a1c5ed:0x3bacb0f2ccfbe35!8m2!3d-7.8685021!4d110.0612548
3401080002;https://www.google.com/maps/place/Balai+Desa+Hargorejo/@-7.8701387,110.1109444,17z/data=!3m1!4b1!4m5!3m4!1s0x2e7ae4eb51161d69:0xb1937e0906b1c57d!8m2!3d-7.8701387!4d110.1109444
3401080003;https://www.google.com/maps/place/Kantor+Desa+Hargowilis/@-7.8162677,110.1165381,17z/data=!3m1!4b1!4m5!3m4!1s0x2e7ae55d7fb786b3:0x29de952fdad45a56!8m2!3d-7.8162677!4d110.1165381
3401080004;https://www.google.com/maps/place/Balai+Desa+Kalirejo/@-7.8277504,110.082575,17z/data=!3m1!4b1!4m5!3m4!1s0x2e7ae599adb97021:0x847b948986623b19!8m2!3d-7.8277504!4d110.082575
3401080005;https://www.google.com/maps/place/Balai+Desa+Hargotirto/@-7.809846,110.108174,17z/data=!3m1!4b1!4m5!3m4!1s0x2e7ae5626620565f:0x8a0ad440e948816d!8m2!3d-7.809846!4d110.108174
3401090001;https://www.google.com/maps/place/Kantor+Kepala+Desa+Jatimulyo/@-7.753061,110.1230187,17z/data=!3m1!4b1!4m5!3m4!1s0x2e7aee3bdb63ff93:0x9018c70a4a470f44!8m2!3d-7.753061!4d110.1230187
3401090003;https://www.google.com/maps/place/Kantor+Kepala+Desa+Pendoworejo/@-7.744452,110.1872767,17z/data=!3m1!4b1!4m5!3m4!1s0x2e7af1a072c8ddfb:0x30f779441e6effb8!8m2!3d-7.744452!4d110.1872767
3401090004;https://www.google.com/maps/place/BALAI+DESA+PURWOSARI/@-7.7231546,110.1452394,17z/data=!3m1!4b1!4m5!3m4!1s0x2e7af2019343fd71:0x8096e4d861278879!8m2!3d-7.7231546!4d110.1452394
3401100002;https://www.google.com/maps/place/Kantor+Kepala+Desa+Donomulyo/@-7.8086801,110.1934166,17z/data=!3m1!4b1!4m5!3m4!1s0x2e7afa7eb609b147:0xa489aaca59ae8a3a!8m2!3d-7.8086801!4d110.1934166
3401100003;https://www.google.com/maps/place/Balai+Desa+Wijimulyo/@-7.7817542,110.2189803,17z/data=!3m1!4b1!4m5!3m4!1s0x2e7af1e58fadd1e1:0xe5d2a01920277488!8m2!3d-7.7817542!4d110.2189803
3401100004;https://www.google.com/maps/place/Balai+Desa+Tanjungharjo/@-7.7816002,110.1990463,17z/data=!3m1!4b1!4m5!3m4!1s0x2e7af0f28f64e68d:0xca84ce73f178c365!8m2!3d-7.7816002!4d110.1990463
3401100006;https://www.google.com/maps/place/Kantor+Kelurahan+Desa+Kembang/@-7.7526308,110.2081567,17z/data=!3m1!4b1!4m5!3m4!1s0x2e7af119d719d1e5:0xf4463be9e61bfa69!8m2!3d-7.7526308!4d110.2081567
3401110001;https://www.google.com/maps/place/Balai+Desa+Banjararum/@-7.7160939,110.2241889,17z/data=!3m1!4b1!4m5!3m4!1s0x2e7ae357b7be0bd7:0x265bd963db8a2c04!8m2!3d-7.7160939!4d110.2241889
3401110002;https://www.google.com/maps/place/Balai+Desa+Banjarasri/@-7.6976781,110.22512,17z/data=!3m1!4b1!4m5!3m4!1s0x2e7af38d752de889:0x48f2f6fa7cd506ad!8m2!3d-7.6976781!4d110.22512
3401110003;https://www.google.com/maps/place/Balai+Desa+Banjarharjo/@-7.6886503,110.2575345,17z/data=!3m1!4b1!4m5!3m4!1s0x2e7af46873e03ac3:0x796542df409be88!8m2!3d-7.6886503!4d110.2575345
3401110004;https://www.google.com/maps/place/Kantor+Kepala+Desa+Banjaroya/@-7.659076,110.2598707,17z/data=!3m1!4b1!4m5!3m4!1s0x2e7af4eace5c1767:0xfb7797efa85c8f6a!8m2!3d-7.659076!4d110.2598707
3401120001;https://www.google.com/maps/place/Balai+Desa+Kebonharjo/@-7.7063279,110.1531472,17z/data=!3m1!4b1!4m5!3m4!1s0x2e7af21261a0285d:0x80b94c46d68344b4!8m2!3d-7.7063279!4d110.1531472
3401120002;https://www.google.com/maps/place/Balai+Desa+Banjarsari/@-7.7084992,110.173185,17z/data=!3m1!4b1!4m5!3m4!1s0x2e7af23a32892807:0x724c3a56ac55f03!8m2!3d-7.7084992!4d110.173185
3401120003;https://www.google.com/maps/place/BALAI+DESA+PURWOHARJO/@-7.6953948,110.1962869,17z/data=!3m1!4b1!4m5!3m4!1s0x2e7af3b1249eacd1:0x8b98dc1501963320!8m2!3d-7.6953948!4d110.1962869
3401120004;https://www.google.com/maps/place/Balai+Desa+Sidoharjo/@-7.6771213,110.1984373,17z/data=!3m1!4b1!4m5!3m4!1s0x2e7af3063fbd25af:0xc9a087bc91a204c8!8m2!3d-7.6771213!4d110.1984373
3401120005;https://www.google.com/maps/place/Balai+Desa+Gerbosari/@-7.6724577,110.1692111,17z/data=!3m1!4b1!4m5!3m4!1s0x2e7af2f20f749797:0x4505e91be0b48280!8m2!3d-7.6724577!4d110.1692111
3401120006;https://www.google.com/maps/place/Balai+Desa+Ngargosari/@-7.6614282,110.1541812,17z/data=!3m1!4b1!4m5!3m4!1s0x2e7af2bd6c30ef47:0x42f6ceaadd39acc0!8m2!3d-7.6614282!4d110.1541812
3401120007;https://www.google.com/maps/place/Balai+Desa+Pagerharjo/@-7.673158,110.1349575,17z/data=!3m1!4b1!4m5!3m4!1s0x2e7aed6350360561:0x5e935efaeddaf5b9!8m2!3d-7.673158!4d110.1349575
3402010001;https://www.google.com/maps/place/Balai+Desa+Poncosari/@-7.9604531,110.2372372,17z/data=!3m1!4b1!4m5!3m4!1s0x2e7afe0712f63aab:0x7e2327be32747ea4!8m2!3d-7.9604531!4d110.2372372
3402010002;https://www.google.com/maps/place/Balai+Desa+Trimurti/@-7.9388772,110.2473917,17z/data=!3m1!4b1!4m5!3m4!1s0x2e7afe71d60b18bd:0x774861e1fd25bf32!8m2!3d-7.9388772!4d110.2473917
3402020001;https://www.google.com/maps/place/Balai+Desa+Gadingsari/@-7.9696204,110.2558517,17z/data=!3m1!4b1!4m5!3m4!1s0x2e7b01e104e2075f:0x37b02cebed96aaf7!8m2!3d-7.9696204!4d110.2558517
3402020002;https://www.google.com/maps/place/Kantor+Desa+Gadingharjo/@-7.9794344,110.2639654,17z/data=!3m1!4b1!4m5!3m4!1s0x2e7b01c398ed7603:0x5a8a22fc288a3a14!8m2!3d-7.9794344!4d110.2639654
3402020003;https://www.google.com/maps/place/Kantor+Pemerintah+Desa+Srigading/@-7.9762837,110.2827094,17z/data=!3m1!4b1!4m5!3m4!1s0x2e7b01b0860e4b79:0x896739788621e7c0!8m2!3d-7.9762837!4d110.2827094
3402020004;https://www.google.com/maps/place/Kantor+Desa+Murtigading/@-7.9669678,110.2654661,17z/data=!3m1!4b1!4m5!3m4!1s0x2e7b01d8b3616289:0x4ad62b53d737382!8m2!3d-7.9669678!4d110.2654661
3402030001;https://www.google.com/maps/place/Balai+Desa+Tirtohargo/@-7.9952553,110.2853456,17z/data=!3m1!4b1!4m5!3m4!1s0x2e7b004d6f959365:0xa92cc08bd3b43020!8m2!3d-7.9952553!4d110.2853456
3402030002;https://www.google.com/maps/place/Kantor+Lurah+Desa+Parangtritis/@-8.0038823,110.316829,17z/data=!3m1!4b1!4m5!3m4!1s0x2e7b006291b57649:0xaa6abe7244defd6d!8m2!3d-8.0038823!4d110.316829
3402030003;https://www.google.com/maps/place/Gedung+Balai+Desa+Donotirto/@-7.9776208,110.3124802,17z/data=!3m1!4b1!4m5!3m4!1s0x2e7b0016c904c639:0xff2747b3f2a39175!8m2!3d-7.9776208!4d110.3124802
3402030004;https://www.google.com/maps/place/Kantor+Lurah+Desa+Tirtosari/@-7.983442,110.2979664,17z/data=!3m1!4b1!4m5!3m4!1s0x2e7b00385f2572bf:0xa3f2499f656ebe06!8m2!3d-7.983442!4d110.2979664
3402030005;https://www.google.com/maps/place/Kantor+Desa+Tirtomulyo/@-7.9700637,110.2996891,17z/data=!3m1!4b1!4m5!3m4!1s0x2e7b0024181f3261:0x3ac28f76902e2660!8m2!3d-7.9700637!4d110.2996891
3402040001;https://www.google.com/maps/place/Balai+Desa+Seloharjo/@-7.977413,110.3436367,17z/data=!3m1!4b1!4m5!3m4!1s0x2e7baabb584778ff:0x10e75bd27cd7ab23!8m2!3d-7.977413!4d110.3436367
3402040002;https://www.google.com/maps/place/Balai+Desa+Panjangrejo/@-7.9591917,110.3318457,17z/data=!3m1!4b1!4m5!3m4!1s0x2e7a5555910c4959:0xe51a03da643dbc7e!8m2!3d-7.9591917!4d110.3318457
3402040003;https://www.google.com/maps/place/Balai+Desa+Srihardono/@-7.9493595,110.3466309,17z/data=!3m1!4b1!4m5!3m4!1s0x2e7a5545b19274d3:0x5a6abcc66346dd1c!8m2!3d-7.9493595!4d110.3466309
3402050001;https://www.google.com/maps/place/Kantor+Lurah+Desa+Sidomulyo+Bambanglipuro/@-7.9566875,110.3050732,17z/data=!3m1!4b1!4m5!3m4!1s0x2e7affdda45ca4ed:0x29b240db3367fa1!8m2!3d-7.9566875!4d110.3050732
3402050002;https://www.google.com/maps/place/Kantor+Kepala+Desa+Mulyodadi/@-7.9434454,110.3223068,17z/data=!4m5!3m4!1s0x2e7afff33caadf5f:0x91b58efd9e31ac6e!8m2!3d-7.9434454!4d110.3223068
3402060001;https://www.google.com/maps/place/Kantor+Kelurahan+Caturharjo/@-7.9399312,110.2702358,17z/data=!3m1!4b1!4m5!3m4!1s0x2e7afe45e2055711:0xeeae6c10200eb295!8m2!3d-7.9399312!4d110.2702358
3402060002;https://www.google.com/maps/place/Balai+Desa+Triharjo/@-7.9186455,110.2839157,17z/data=!3m1!4b1!4m5!3m4!1s0x2e7aff01f8081df1:0xe18d2224e92c7bf2!8m2!3d-7.9186455!4d110.2839157
3402060003;https://www.google.com/maps/place/Kantor+Desa+Gilangharjo/@-7.9200448,110.3120631,17z/data=!3m1!4b1!4m5!3m4!1s0x2e7aff75ccec5bd3:0xd847d9170a7037ae!8m2!3d-7.9200448!4d110.3120631
3402060004;https://www.google.com/maps/place/Balai+Desa+Wijirejo,+Pandak,+Bantul/@-7.9007032,110.2987982,17z/data=!3m1!4b1!4m5!3m4!1s0x2e7aff3dbcb8fea1:0x2d9f200464197936!8m2!3d-7.9007032!4d110.2987982
3402070001;https://www.google.com/maps/place/Balai+Desa+Palbapang/@-7.9055368,110.3196189,17z/data=!3m1!4b1!4m5!3m4!1s0x2e7aff6615ad0c3d:0x516f4e1a01994261!8m2!3d-7.9055368!4d110.3196189
3402070002;https://www.google.com/maps/place/Balai+Desa+Ringinharjo/@-7.8853844,110.3182823,17z/data=!3m1!4b1!4m5!3m4!1s0x2e7aff5170cac3e5:0x3be544afb06825d0!8m2!3d-7.8853844!4d110.3182823
3402070003;https://www.google.com/maps/place/Balai+Desa+Kelurahan+Bantul/@-7.8825539,110.3314967,17z/data=!3m1!4b1!4m5!3m4!1s0x2e7a55ff9db4b345:0x5659262b5bc1b7a7!8m2!3d-7.8825539!4d110.3314967
3402070004;https://www.google.com/maps/place/Balai+Desa+Trirenggo/@-7.8982683,110.3412817,17z/data=!3m1!4b1!4m5!3m4!1s0x2e7a55f2f2c9fb1b:0x3572353088e5665d!8m2!3d-7.8982683!4d110.3412817
3402070005;https://www.google.com/maps/place/Kantor+Lurah+Desa+Sabdodadi+Bantul/@-7.8898197,110.3544658,17z/data=!3m1!4b1!4m5!3m4!1s0x2e7a55e8030ee6f9:0x461a084162d55492!8m2!3d-7.8898197!4d110.3544658
3402080001;https://www.google.com/maps/place/Kantor+Desa+PATALAN/@-7.928292,110.3494339,17z/data=!3m1!4b1!4m5!3m4!1s0x2e7a55722d43c151:0xaf01916b3cadeea7!8m2!3d-7.928292!4d110.3494339
3402080002;https://www.google.com/maps/place/Kantor+Desa+Canden/@-7.9263394,110.3603571,17z/data=!3m1!4b1!4m5!3m4!1s0x2e7a5512ffb77915:0xab226072fd26c395!8m2!3d-7.9263394!4d110.3603571
3402080003;https://www.google.com/maps/place/Balai+Desa+Sumberagung,+Jetis,+Bantul/@-7.9074204,110.3636266,17z/data=!3m1!4b1!4m5!3m4!1s0x2e7a55bafd847ffd:0xb1f4c321e1505325!8m2!3d-7.9074204!4d110.3636266
3402080004;https://www.google.com/maps/place/Kantor+Desa+Trimulyo/@-7.8915083,110.3858424,17z/data=!3m1!4b1!4m5!3m4!1s0x2e7a54316bd00829:0x59cbad8a03cfc0d!8m2!3d-7.8915083!4d110.3858424
3402090001;https://www.google.com/maps/place/Balai+Desa+Selopamioro/@-7.9515732,110.3921174,17z/data=!3m1!4b1!4m5!3m4!1s0x2e7a54cfb5cc1571:0x8528139960977144!8m2!3d-7.9515732!4d110.3921174
3402090002;https://www.google.com/maps/place/Balai+Desa+Sriharjo+Imogiri+Bantul/@-7.9443507,110.3728608,17z/data=!3m1!4b1!4m5!3m4!1s0x2e7a5521584e5913:0x913e6102109903e1!8m2!3d-7.9443507!4d110.3728608
3402090003;https://www.google.com/maps/place/Kantor+Lurah+Desa+Kebonagung/@-7.926857,110.3732395,17z/data=!3m1!4b1!4m5!3m4!1s0x2e7a554a30e84a25:0xe66f380e8de94069!8m2!3d-7.926857!4d110.3732395
3402090005;https://www.google.com/maps/place/Balai+Desa+Girirejo/@-7.9267056,110.3902813,17z/data=!3m1!4b1!4m5!3m4!1s0x2e7a54fa86760b33:0x2e8b7478a7973208!8m2!3d-7.9267056!4d110.3902813
3402090006;https://www.google.com/maps/place/Gedung+Serbaguna+Balai+Desa+Karangtalun/@-7.9213994,110.3802787,17z/data=!4m5!3m4!1s0x2e7a54ffb4eee161:0x5a973d3e97ead7a4!8m2!3d-7.9213994!4d110.3802787
3402090008;https://www.google.com/maps/place/Balai+Desa+Wukirsari/@-7.9094833,110.3931768,17z/data=!4m5!3m4!1s0x2e7a545ae114421b:0x3cc96d7d74e9697a!8m2!3d-7.9094833!4d110.3931768
3402100001;https://www.google.com/maps/place/Kantor+Lurah+Desa+Mangunan/@-7.9316319,110.4283336,17z/data=!4m5!3m4!1s0x2e7a53622675926b:0xd576dc23b295b849!8m2!3d-7.9316319!4d110.4283336
3402100002;https://www.google.com/maps/place/Balai+Desa+Muntuk/@-7.9099114,110.4445699,17z/data=!3m1!4b1!4m5!3m4!1s0x2e7a539950974feb:0xc79728088429ab6c!8m2!3d-7.9099114!4d110.4445699
3402100004;https://www.google.com/maps/place/Kantor+Balai+Desa+Temuwuh/@-7.9263842,110.468115,17z/data=!3m1!4b1!4m5!3m4!1s0x2e7a531c81f15113:0x1208ded10d8dea34!8m2!3d-7.9263842!4d110.468115
3402100005;https://www.google.com/maps/place/Kantor+Desa+Jatimulyo/@-7.9043625,110.4880589,17z/data=!4m5!3m4!1s0x2e7a525add49b911:0x9d18e5745ad4e7e1!8m2!3d-7.9043625!4d110.4880589
3402100006;https://www.google.com/maps/place/Balai+Desa+Terong/@-7.8884667,110.4565094,17z/data=!4m5!3m4!1s0x2e7a53c40ee4d83f:0x7dcc3593709f28c5!8m2!3d-7.8884667!4d110.4565094
3402110001;https://www.google.com/maps/place/Balai+Desa+Wonokromo/@-7.8694387,110.3927325,17z/data=!3m1!4b1!4m5!3m4!1s0x2e7a569b038087d1:0x4d08a23d449bee2e!8m2!3d-7.8694387!4d110.3927325
3402110002;https://www.google.com/maps/place/Kelurahan%2FBalai+Desa+Pleret/@-7.8693218,110.4002501,17z/data=!3m1!4b1!4m5!3m4!1s0x2e7a5698f0c91c55:0xe1f38304adaf833d!8m2!3d-7.8693218!4d110.4002501
3402110003;https://www.google.com/maps/place/Kantor+Desa+Segoroyoso/@-7.8807014,110.4124387,17z/data=!3m1!4b1!4m5!3m4!1s0x2e7a541c998844e1:0xd077b9942ecef10f!8m2!3d-7.8807014!4d110.4124387
3402110004;https://www.google.com/maps/place/Balai+Desa+Bawuran/@-7.8753826,110.4169656,17z/data=!4m5!3m4!1s0x2e7a56a82c3391c7:0xc839a71544e93fa4!8m2!3d-7.8753826!4d110.4169656
3402110005;https://www.google.com/maps/place/Balai+Desa+Wonolelo/@-7.8874235,110.4325852,17z/data=!3m1!4b1!4m5!3m4!1s0x2e7a53e455555555:0xd5c69a26a188b8a4!8m2!3d-7.8874235!4d110.4325852
3402120001;https://www.google.com/maps/place/Kantor+Lurah+Desa+Sitimulyo/@-7.844624,110.441305,17z/data=!3m1!4b1!4m5!3m4!1s0x2e7a513b26de5067:0x954b7d8d23883dc4!8m2!3d-7.844624!4d110.441305
3471010002;https://www.google.com/maps/place/Kantor+Kelurahan+Suryodiningratan/@-7.8201778,110.3597625,17z/data=!3m1!4b1!4m5!3m4!1s0x2e7a57be91dbcdb7:0x68db4ac85a7e655!8m2!3d-7.8201778!4d110.3597625
3471010003;https://www.google.com/maps/place/Kantor+Kelurahan+Mantrijeron/@-7.8234881,110.364475,17z/data=!4m5!3m4!1s0x2e7a57bb0cfb7a49:0x7e8d4c3ebbf098e8!8m2!3d-7.8234881!4d110.364475
3471020001;https://www.google.com/maps/place/Kantor+Kelurahan+Patehan/@-7.8116526,110.3577774,17z/data=!3m1!4b1!4m5!3m4!1s0x2e7a57938c88f3c3:0xeea626db8b2d0cb8!8m2!3d-7.8116526!4d110.3577774
3471020003;https://www.google.com/maps/place/Kantor+Kelurahan+Kadipaten/@-7.8080201,110.3578623,17z/data=!3m1!4b1!4m5!3m4!1s0x2e7a57925e96ee4f:0x2ec15b93d3e13f6a!8m2!3d-7.8080201!4d110.3578623
3471030002;https://www.google.com/maps/place/Kantor+Lurah+Keparakan/@-7.8149048,110.3739225,17z/data=!4m5!3m4!1s0x2e7a579f3f9b2c85:0x873cbf899fb5c4c2!8m2!3d-7.8149048!4d110.3739225
3471040001;https://www.google.com/maps/place/Kantor+Kelurahan+Giwangan/@-7.8331837,110.3923634,17z/data=!3m1!4b1!4m5!3m4!1s0x2e7a571ce22e0a4d:0x9f43365fd74cc781!8m2!3d-7.8331837!4d110.3923634
3471040003;https://www.google.com/maps/place/Kantor+Kelurahan+Pandeyan/@-7.8120376,110.3865209,17z/data=!3m1!4b1!4m5!3m4!1s0x2e7a5773b97bc087:0x46ccc97ce8276974!8m2!3d-7.8120376!4d110.3865209
3471040005;https://www.google.com/maps/place/Kantor+Lurah+Tahunan/@-7.8068092,110.3802428,17z/data=!3m1!4b1!4m5!3m4!1s0x2e7a5777bdfc52f7:0xf13ada5dc1095c90!8m2!3d-7.8068092!4d110.3802428
3471050001;https://www.google.com/maps/place/Kantor+Kelurahan+Prenggan+Kotagede/@-7.8227904,110.3997218,17z/data=!4m5!3m4!1s0x2e7a5717addad547:0xceea6650b301ee9f!8m2!3d-7.8227904!4d110.3997218
3471060003;https://www.google.com/maps/place/Kantor+Kelurahan+Klitren/@-7.7816541,110.3867355,17z/data=!4m5!3m4!1s0x2e7a59cef1abef3b:0x3cd4a8629234ebea!8m2!3d-7.7816541!4d110.3867355
3471060004;https://www.google.com/maps/place/Kantor+Lurah+Kotabaru/@-7.7865664,110.3776417,17z/data=!4m5!3m4!1s0x2e7a582d3824908d:0x731b9f5f648a4ee8!8m2!3d-7.7865664!4d110.3776417
3471070001;https://www.google.com/maps/place/Kantor+Kelurahan+Suryatmajan/@-7.7935094,110.3678634,17z/data=!3m1!4b1!4m5!3m4!1s0x2e7a582861a5cf4d:0x116996d337ecc258!8m2!3d-7.7935094!4d110.3678634
3471090002;https://www.google.com/maps/place/Kantor+Lurah+Ngupasan/@-7.8002011,110.3704531,17z/data=!4m5!3m4!1s0x2e7a5786904870c9:0xe3420b324da23db6!8m2!3d-7.8002011!4d110.3704531
3471110003;https://www.google.com/maps/place/Kantor+Lurah+Pakuncen/@-7.7938159,110.3530569,17z/data=!4m5!3m4!1s0x2e7a581f1ab8bedb:0xc9406cc0cf23d7c8!8m2!3d-7.7938159!4d110.3530569
3471130003;https://www.google.com/maps/place/Kantor+Kelurahan+Cokrodiningratan/@-7.7800831,110.3666204,17z/data=!4m5!3m4!1s0x2e7a5839ebc2edf1:0xfab5da4a68ccff7!8m2!3d-7.7800831!4d110.3666204
3471140003;https://www.google.com/maps/place/Kantor+Kelurahan+Kricak/@-7.7741884,110.359454,17z/data=!3m1!4b1!4m5!3m4!1s0x2e7a5840c6c8a9af:0x5f08a2561fc40aee!8m2!3d-7.7741884!4d110.359454
3471010001;https://www.google.com/maps/place/Kantor+Lurah+Gedongkiwo/@-7.8191814,110.3544886,17z/data=!3m1!4b1!4m5!3m4!1s0x2e7a57c079cfb095:0x3e9d3a763424b03a!8m2!3d-7.8191814!4d110.3544886
3403051003;https://www.google.com/maps/place/Bale+Desa+Karangawen/@-8.1491338,110.7369942,17z/data=!4m5!3m4!1s0x2e7bc70ab9ac7ff1:0xfb305383c8559a16!8m2!3d-8.1491338!4d110.7369942
3403130006;https://www.google.com/maps/place/kantor+kepala+desa+pilangrejo/@-7.860284,110.6406811,17z/data=!3m1!4b1!4m5!3m4!1s0x2e7a490956e7a3b3:0x860e5c7ead3d14d7!8m2!3d-7.860284!4d110.6406811
3401030006;https://www.google.com/maps/place/Balai+Desa+Depok/@-7.9113528,110.1590185,17.91z/data=!4m8!1m2!2m1!1skantor+DESA+DEPOK+kulonprogo!3m4!1s0x2e7afcc43fffffff:0xf4d9a36c36043878!8m2!3d-7.9108399!4d110.1590803
3401050001;https://www.google.com/maps/place/KANTOR+DESA+WAHYUHARJO/@-7.9285147,110.1940959,18.91z/data=!4m5!3m4!1s0x2e7afdacac31761f:0x11ee405c002d39f5!8m2!3d-7.9285828!4d110.1943983
3402140004;https://www.google.com/maps/place/Kantor+Lurah+Desa+Panggungharjo+Sewon+Bantul/@-7.8643435,110.3282386,12z/data=!4m8!1m2!2m1!1skantor+kepala+desa+panggungharjo+sewon!3m4!1s0x2e7a564ae3bf5949:0xa268976d65a21c60!8m2!3d-7.8392962!4d110.3574871
3402160003;https://www.google.com/maps/place/Balai+Desa+Guwosari+Pajangan+Bantul/@-7.8605623,110.3121921,14z/data=!4m8!1m2!2m1!1skantor+kepala+desa+guwosari+pajangan!3m4!1s0x2e7af8b531c45885:0x94348969a8ec89e6!8m2!3d-7.8813124!4d110.3125617
3403010011;https://www.google.com/maps/place/Balai+Desa+Girisuko/@-7.9930231,110.4441418,14z/data=!4m8!1m2!2m1!1skantor+kepala+desa+girisuko+panggang!3m4!1s0x0:0xc4918e97164c2f9f!8m2!3d-7.9930225!4d110.4440814
3403011003;https://www.google.com/maps/place/Giricahyo+Village+Meeting+Hall/@-8.0264217,110.3667181,17z/data=!4m8!1m2!2m1!1sbalai+desa+giricahyo+purwosari!3m4!1s0x2e7baa372effb541:0x3ff0613ff6930ac4!8m2!3d-8.0273617!4d110.3690597
3403020004;https://www.google.com/maps/place/Balai+Desa+Giring/@-8.0201406,110.5542951,14.91z/data=!4m8!1m2!2m1!1skantor+desa+giring!3m4!1s0x2e7bb23426e1bdf1:0x229f74606e0fedd9!8m2!3d-8.0155321!4d110.5628372
3403020006;https://www.google.com/maps/place/Balai+Desa+Pampang/@-7.9892682,110.5313588,14z/data=!4m8!1m2!2m1!1skantor+desa+pampang+paliyan!3m4!1s0x0:0x4820ddd5f8ab30ee!8m2!3d-7.9879333!4d110.545603
3403030006;https://www.google.com/maps/place/Kantor+Kepala+Desa+Ngloro/@-8.0542266,110.4778918,14z/data=!4m8!1m2!2m1!1skantor+kepala+desa+nglora+sapto+sari!3m4!1s0x0:0x5999222424f4abe7!8m2!3d-8.0538863!4d110.4895234
3403030007;https://www.google.com/maps/place/Balai+Desa+Jetis+Saptosari/@-8.0503746,110.4720363,13z/data=!4m8!1m2!2m1!1skantor+kepala+desa+jetis+sapto+sari!3m4!1s0x2e7bae763177d0d7:0x63865bc2aacff905!8m2!3d-8.0379423!4d110.4892011
3403040008;https://www.google.com/maps/place/Kantor+Desa+Giripanggung/@-8.1006713,110.6866922,17z/data=!3m1!4b1!4m5!3m4!1s0x2e7bb838b2de7509:0xc0dafa6b98c42fb4!8m2!3d-8.1006713!4d110.6888809
3403050015;https://www.google.com/maps/place/Kantor+Kelurahan+Desa+Karangwuni/@-8.0552873,110.7487873,14z/data=!4m8!1m2!2m1!1skantor+kepala+desa+karangwuni+rongkop!3m4!1s0x0:0xbcb6baabd3be3ba!8m2!3d-8.0620765!4d110.7701951
3403080006;https://www.google.com/maps/place/Balai+Desa+Karangmojo+-+Kantor+Kelurahan+Karangmojo/@-7.9492785,110.6566892,14z/data=!4m8!1m2!2m1!1skantor+kepala+desa+karangmojo+karangmojo!3m4!1s0x2e7bb54701f31db5:0x43276ba8e559a011!8m2!3d-7.9573784!4d110.6913016
3403080007;https://www.google.com/maps/place/Kantor+Lurah+Desa+Gedangrejo+Karangmojo+Kab.Gunungkidul/@-7.9447368,110.6763999,17z/data=!3m1!4b1!4m5!3m4!1s0x2e7a4acd32f0bffd:0xf0e6a64195f9250!8m2!3d-7.9447368!4d110.6785886
3403090001;https://www.google.com/maps/place/Balai+Desa+Wunung/@-8.0223042,110.5689125,14.91z/data=!4m8!1m2!2m1!1sBalai+desa+wunung+wonosari!3m4!1s0x2e7bb3d0bc1c25a1:0xf51eb522cfec1d77!8m2!3d-8.0262426!4d110.5800339
3403090007;https://www.google.com/maps/place/Kantor+Kepala+Desa+Karang+Rejek/@-7.9866868,110.5933755,17z/data=!4m8!1m2!2m1!1sbalai+desa+karang+rejek+wonosari!3m4!1s0x2e7bb374f3a1edef:0x12d0b56d14880f52!8m2!3d-7.9866868!4d110.5955642
3403090013;https://www.google.com/maps/place/kantor+desa+karang+tengah/@-7.9214475,110.601234,16z/data=!4m8!1m2!2m1!1sbalai+desa+karang+tengah+wonosari!3m4!1s0x2e7a4c9a72f5a461:0x5c6436a97f1e6548!8m2!3d-7.9214475!4d110.6056114
3403100001;https://www.google.com/maps/place/Balai+Desa+Banyusoco/@-7.977228,110.4738376,18.44z/data=!4m8!1m2!2m1!1sbalai+desa+banyusoco+playen!3m4!1s0x0:0xa4286ef7b1b5705b!8m2!3d-7.9771835!4d110.4750797
3403100007;https://www.google.com/maps/place/Balai+Desa+Playen/@-7.9371026,110.5301981,14z/data=!4m8!1m2!2m1!1sbalai+desa+playen+playen!3m4!1s0x2e7a4d3159f1a3ed:0x59cce55ff4261164!8m2!3d-7.9459441!4d110.5521483
3403100008;https://www.google.com/maps/place/Kantor+Kalurahan+Desa+Ngawu/@-7.9337709,110.5400752,15z/data=!4m8!1m2!2m1!1sbalai+desa+ngawu+playen!3m4!1s0x2e7a4d39b7345c4f:0xd90ed42ad5e9acce!8m2!3d-7.9396463!4d110.5489963
3403110003;https://www.google.com/maps/place/Balai+Desa+Beji+Patuk+Gunungkidul/@-7.8785717,110.5127159,17z/data=!4m8!1m2!2m1!1sbalai+desa+beji+patuk!3m4!1s0x2e7a5206c0d0345f:0xfb2a38f8fab53655!8m2!3d-7.8768619!4d110.5171497
3403110008;https://www.google.com/maps/place/Balai+Desa+Patuk/@-7.8500691,110.4764202,15z/data=!4m8!1m2!2m1!1sbalai+desa+patuk+patuk!3m4!1s0x2e7a51a2cf0ee4bb:0x795ee62296e24ff9!8m2!3d-7.8500691!4d110.4851749
3403120005;https://www.google.com/maps/place/Balai+Desa+Watugajah/@-7.8103721,110.5612989,13z/data=!4m8!1m2!2m1!1sbalai+desa+watu+gajah+gedang+sari!3m4!1s0x2e7a4f7675a56bdd:0x605371767153712b!8m2!3d-7.8072236!4d110.5980023
3403130002;https://www.google.com/maps/place/Balai+Desa+Nglipar+Gunungkidul/@-7.8879174,110.5483252,12z/data=!4m8!1m2!2m1!1sbalai+desa+nglipar+nglipar!3m4!1s0x2e7a4b8a8c375a99:0x3700d932a3f32837!8m2!3d-7.8879174!4d110.618363
3403140003;https://www.google.com/maps/place/Balai+Desa+Kampung/@-7.8316401,110.6835638,15z/data=!4m8!1m2!2m1!1sbalai+desa+kampung+ngawen!3m4!1s0x2e7a490b5c5b929b:0xc18da3bf8e9c8509!8m2!3d-7.8348468!4d110.6971797
3403140006;https://www.google.com/maps/place/Kantor+Kepala+Desa+Tancep+Ngawen+Gunung+Kidul+DIY/@-7.8095397,110.6654235,14z/data=!4m8!1m2!2m1!1sbalai+desa+tancep+ngawen!3m4!1s0x2e7a48473d6422df:0xef9f09e9848d1d8e!8m2!3d-7.8068828!4d110.6862913
3403150001;https://www.google.com/maps/place/Balai+Desa+Kalitekuk/@-7.8678539,110.6979818,15z/data=!4m8!1m2!2m1!1sbalai+desa+kalitekuk+semin!3m4!1s0x2e7a4a0981c070a3:0x9d44a694342a5170!8m2!3d-7.8761679!4d110.7093579
3403150003;https://www.google.com/maps/place/Balai+Desa+Semin/@-7.8632256,110.7156584,14z/data=!4m8!1m2!2m1!1sbalai+desa+semin+semin!3m4!1s0x2e7a35e7b9688a55:0x61a61178dc78488!8m2!3d-7.8685068!4d110.7346428
3403140001;https://www.google.com/maps/place/Balai+Desa+Watusigar/@-7.8465734,110.662987,13z/data=!4m8!1m2!2m1!1sbalai+desa+watu+sigar+ngawen!3m4!1s0x2e7a4a1f025ab919:0xdbf051ee484b8b4d!8m2!3d-7.8649202!4d110.6912524
3403150009;https://www.google.com/maps/place/kel.+sumberejo/@-7.8435605,110.724318,15z/data=!4m8!1m2!2m1!1sbalai+desa+sumberrejo+semin!3m4!1s0x2e7a361462842a0f:0x2e743ea715c4fead!8m2!3d-7.8435605!4d110.7330727
3404010004;https://www.google.com/maps/place/Kantor+Desa+Sumberarum/@-7.7715086,110.2141564,14z/data=!4m8!1m2!2m1!1sbalai+desa+sumberarum+moyudan!3m4!1s0x2e7af0d483a4485f:0xecc815d9194956f4!8m2!3d-7.7663974!4d110.2330848
3404080004;https://www.google.com/maps/place/Kantor+Balai+Desa+Kalitirto/@-7.7921535,110.4562327,17z/data=!4m8!1m2!2m1!1sbalai+desa+kali+tirto+berbah!3m4!1s0x2e7a509d9b2f5851:0xb17d75c25e72de3c!8m2!3d-7.792103!4d110.458448
3404090006;https://www.google.com/maps/place/Kantor+Lurah+Desa+Bokoharjo/@-7.763458,110.4886112,15.15z/data=!4m8!1m2!2m1!1skantor+desa+bokoharjo!3m4!1s0x0:0xb7e741a68cad9f8f!8m2!3d-7.7655692!4d110.488413
3404100002;https://www.google.com/maps/place/Kantor+Kelurahan+Tirtomartani/@-7.7559987,110.4357109,13z/data=!4m8!1m2!2m1!1sbalai+desa+tirto+martani+kalasan!3m4!1s0x2e7a5a568ae3ec89:0x9ecadeb6eaf43c65!8m2!3d-7.7559987!4d110.4707298
3404120005;https://www.google.com/maps/place/Kantor+Lurah+Desa+Sardonoharjo/@-7.7238569,110.3941944,15z/data=!4m8!1m2!2m1!1sbalai+desa+sardonoharjo+ngaglik!3m4!1s0x2e7a593815dc7283:0x8bdabdd22cdd173!8m2!3d-7.7235878!4d110.4005918
3404140001;https://www.google.com/maps/place/Balai+Desa+Banyurejo/@-7.6977922,110.2680709,14z/data=!4m8!1m2!2m1!1sbalai+desa+banyu+rejo+tempel!3m4!1s0x2e7af5cbc372f9d5:0x332433d256ebdaeb!8m2!3d-7.7006344!4d110.2882859
3404160001;https://www.google.com/maps/place/Balai+Desa+Purwobinangun/@-7.6491013,110.3746697,14z/data=!4m8!1m2!2m1!1sbalai+desa+purwo+binangun+pakem!3m4!1s0x2e7a5f21e1a5bb5b:0xfd0287a4155e4457!8m2!3d-7.6491013!4d110.3921792
3404030004;https://www.google.com/maps/place/Desa+Margoagung/@-7.708412,110.3076847,17z/data=!4m8!1m2!2m1!1skantor+near+Margoagung,+Seyegan,+Sleman+Regency,+Special+Region+of+Yogyakarta!3m4!1s0x0:0xc66e7003e7077cbb!8m2!3d-7.708339!4d110.3078956
3404110002;https://www.google.com/maps/place/Kelurahan+Umbulmartani/@-7.6834285,110.4271078,15z/data=!4m8!1m2!2m1!1sbalai+desa+umbulmartani+ngemplak!3m4!1s0x2e7a5c248d6741a5:0x74248606fc7ced3a!8m2!3d-7.6834285!4d110.4358625
3404120001;https://www.google.com/maps/place/Pemerintah+Desa+Sariharjo/@-7.724937,110.3786713,17z/data=!3m1!4b1!4m5!3m4!1s0x2e7a5927b0b662f7:0xf79a2a51116f4b07!8m2!3d-7.724937!4d110.38086
3404160003;https://www.google.com/maps/place/Balai+Desa+Harjobinangun+Pakem+Sleman/@-7.6689423,110.4091706,17z/data=!3m1!4b1!4m5!3m4!1s0x2e7a5e62f58fe071:0xc98e56e9f53007ef!8m2!3d-7.6689423!4d110.4113593
3404170005;https://www.google.com/maps/place/Kantor+Kepala+Desa+Umbulharjo/@-7.6144781,110.4024094,13z/data=!4m8!1m2!2m1!1sbalai+desa+umbul+harjo+cangkringan!3m4!1s0x2e7a6756620ffefd:0xb56a2f80ff9e6fc0!8m2!3d-7.6258282!4d110.4333777
3404170002;https://www.google.com/maps/place/Kantor+Desa+Argomulyo/@-7.6703747,110.4447844,14z/data=!4m8!1m2!2m1!1sbalai+desa+argo+mulyo+cangkringan!3m4!1s0x2e7a5db0cbdc03d7:0x5fba45872d000ac9!8m2!3d-7.6594539!4d110.4563488
3401010001;https://www.google.com/maps/place/Balai+Desa+Jangkaran/@-7.8932481,110.0118779,14z/data=!4m8!1m2!2m1!1sbalai+desa+jangkaran+temon!3m4!1s0x2e7ae7a01fb2673d:0x5d1bbde9835cfa8d!8m2!3d-7.884931!4d110.0399292
3401010006;https://www.google.com/maps/place/Balaidesa+Desa+Plumbon/@-7.9004453,110.0977249,15z/data=!4m8!1m2!2m1!1sbalai+desa+plumbon+temon!3m4!1s0x2e7ae37b54bd7519:0x55373ecab5f92730!8m2!3d-7.8969595!4d110.1044353
3401010007;https://www.google.com/maps/place/Balai+Desa+Kedundang/@-7.886598,110.0928723,15z/data=!4m8!1m2!2m1!1sbalai+desa+kedundang+temon!3m4!1s0x2e7ae4849f3fc239:0xe91de21d05f98562!8m2!3d-7.8865248!4d110.1030983
3401010015;https://www.google.com/maps/place/Kantor+Balai+Desa+Kararangwuluh/@-7.87237,110.0559145,17z/data=!3m1!4b1!4m5!3m4!1s0x2e7ae43d43a0e195:0x96210d6018dc8aaa!8m2!3d-7.87237!4d110.0581032
3401020004;https://www.google.com/maps/place/Balai+Desa+Ngestiharjo/@-7.8650033,110.0025554,10z/data=!4m8!1m2!2m1!1sbalai+desa+ngestiharjo+wates!3m4!1s0x2e7ae34d0c9eb7dd:0x67bc9516ebef278b!8m2!3d-7.9015756!4d110.1376742
3401030009;https://www.google.com/maps/place/Balai+Desa+Panjatan/@-7.9188045,110.1556954,14z/data=!4m8!1m2!2m1!1sbalai+desa+panjatan+panjatan!3m4!1s0x2e7afc949c24ea0d:0x745523f521530858!8m2!3d-7.9072563!4d110.169792
3401040004;https://www.google.com/maps/place/Balai+Desa+Nomporejo/@-7.956882,110.2109589,16z/data=!4m8!1m2!2m1!1sbalai+desa+nomporejo+galur!3m4!1s0x2e7afdebb09f7a3d:0xbbfba690c1b91c71!8m2!3d-7.9510954!4d110.215737
3401060001;https://www.google.com/maps/place/Balai+Desa+Demangrejo/@-7.8854369,110.1959915,15z/data=!4m8!1m2!2m1!1sbalai+desa+demangrejo+sentolo!3m4!1s0x2e7afb89ec686143:0xff716e07b8864e8a!8m2!3d-7.8854369!4d110.2047462
3401070005;https://www.google.com/maps/place/Kantor+Pemdes+Pengasih/@-7.8432636,110.1626082,16.15z/data=!4m8!1m2!2m1!1sbalai+desa+pengasih+pengasih!3m4!1s0x0:0xefe9f8fa53707c28!8m2!3d-7.8435682!4d110.1670857
3401090002;https://www.google.com/maps/place/Balai+Desa+Giripurwo/@-7.7718421,110.1750354,15z/data=!4m8!1m2!2m1!1sbalai+desa+giripurwo+girimulyo!3m4!1s0x2e7af05704aa265b:0xfc27e5e3a9897d14!8m2!3d-7.7718421!4d110.1837901
3401100001;https://www.google.com/maps/place/Balai+Desa+Banyuroto/@-7.7998925,110.1859835,17z/data=!3m1!4b1!4m5!3m4!1s0x2e7af080aba0c023:0xc37d555d2cb44179!8m2!3d-7.7998925!4d110.1881722
3402050003;https://www.google.com/maps/place/Kantor+Desa+Sumbermulyo/@-7.9275384,110.3151258,15z/data=!4m8!1m2!2m1!1sbalai+desa+sumbermulyo+bambang+lipuro!3m4!1s0x2e7aff846304b309:0x1c5a5a4da8bf8af0!8m2!3d-7.9277941!4d110.3221583
3402090004;https://www.google.com/maps/place/Balai+Desa+Karangtengah/@-7.9357268,110.3767286,15z/data=!4m8!1m2!2m1!1sbalai+desa+karang+tengah+imogiri!3m4!1s0x2e7a54e2309cdc83:0x3abae08a7b7a9a12!8m2!3d-7.933519!4d110.380792
3402090007;https://www.google.com/maps/place/Balai+Desa+Sriharjo+Imogiri+Bantul/@-7.9443507,110.3641061,15z/data=!4m8!1m2!2m1!1sbalai+desa+imogiri+imogiri!3m4!1s0x2e7a5521584e5913:0x913e6102109903e1!8m2!3d-7.9443507!4d110.3728608
3402100003;https://www.google.com/maps/place/Kantor+Kelurahan+Desa+Dlingo/@-7.9390299,110.4487833,14z/data=!4m8!1m2!2m1!1sbalai+desa+dlingo+dlingo!3m4!1s0x2e7a5323fee772cf:0x86e02bbec115b738!8m2!3d-7.9390299!4d110.4662928
3471020002;https://www.google.com/maps/place/Kantor+Kelurahan+Panembahan/@-7.809616,110.3628305,16z/data=!4m8!1m2!2m1!1skantor+lurah+panembahan+kraton!3m4!1s0x2e7a5790ab2de251:0xc40747b876753039!8m2!3d-7.8116391!4d110.3653822
3471030001;https://www.google.com/maps/place/Kantor+Lurah+Brontokusuman/@-7.8166198,110.3709869,17z/data=!3m1!4b1!4m5!3m4!1s0x2e7a57a18cd88c21:0xb156e8782bdf4ee1!8m2!3d-7.8166198!4d110.3731756
3471030003;https://www.google.com/maps/place/Kantor+Kelurahan+Wirogunan/@-7.8134391,110.3723663,17z/data=!4m8!1m2!2m1!1skantor+lurah+wirogunan+mergangsan!3m4!1s0x2e7a579e4570ebbf:0x872a4ffad33a8e62!8m2!3d-7.8102585!4d110.3759344
3471040002;https://www.google.com/maps/place/Kantor+Kelurahan+Sorosutan/@-7.8183009,110.3731791,15z/data=!4m8!1m2!2m1!1skantor+lurah+sorosutan+umbulharjo!3m4!1s0x2e7a570872e26785:0xc77911f3401932ed!8m2!3d-7.825727!4d110.380159
3471040004;https://www.google.com/maps/place/Kantor+Kelurahan+Warungboto/@-7.8103054,110.3858849,16z/data=!4m8!1m2!2m1!1skantor+lurah+warungboto+umbulharjo!3m4!1s0x2e7a576dfa077bf1:0x3f4195d56fc760b7!8m2!3d-7.810875!4d110.3906921
3471040007;https://www.google.com/maps/place/KANTOR+KELURAHAN+SEMAKI/@-7.799119,110.3769503,15z/data=!4m8!1m2!2m1!1skantor+lurah+semaki+umbulharjo!3m4!1s0x2e7a577c14378a0f:0xab0f2ad7c6f05ac2!8m2!3d-7.799119!4d110.385705
3471050002;https://www.google.com/maps/place/KANTOR+KELURAHAN+PURBAYAN/@-7.8226935,110.3983332,17z/data=!4m8!1m2!2m1!1skantor+lurah+purbayan+kotagede!3m4!1s0x2e7a573d81032dcb:0xec066907b154ca5b!8m2!3d-7.8225967!4d110.401322
3471050003;https://www.google.com/maps/place/Kantor+Kelurahan+Rejowinagun/@-7.8149932,110.397838,15z/data=!4m8!1m2!2m1!1skantor+lurah+rejowinangun+kotagede!3m4!1s0x2e7a5715198c8133:0x22160c6aa10f82a6!8m2!3d-7.8165115!4d110.4000379
3471060001;https://www.google.com/maps/place/Kantor+Kelurahan+Baciro/@-7.7891238,110.3745846,15z/data=!4m8!1m2!2m1!1skantor+lurah+baciro+gondokusuman!3m4!1s0x2e7a59d5d1610edf:0x5714f648589a503d!8m2!3d-7.7920747!4d110.3851422
3471060002;https://www.google.com/maps/place/Kantor+Kelurahan+Demangan/@-7.785833,110.3731709,15z/data=!4m8!1m2!2m1!1skantor+lurah+demangan+gondokusuman!3m4!1s0x2e7a59d06a1a0f77:0xaa754203d24d8f24!8m2!3d-7.786173!4d110.389037
3471060005;https://www.google.com/maps/place/Kantor+Kelurahan+Terban/@-7.7830786,110.3676426,14z/data=!4m8!1m2!2m1!1skantor+lurah+terban+gondokusuman!3m4!1s0x2e7a58347b2b8de9:0x1916d4b6e5deb815!8m2!3d-7.7795915!4d110.3748144
3471070003;https://www.google.com/maps/place/Kantor+Kelurahan+Bausasran/@-7.7927762,110.3727526,16z/data=!4m8!1m2!2m1!1skantor+lurah+bausasran+danurejan!3m4!1s0x2e7a57808335cca1:0xc688f2d02847c9d8!8m2!3d-7.7958331!4d110.3748391
3471080001;https://www.google.com/maps/place/Kantor+Lurah+Purwokinanti/@-7.798836,110.3727013,17z/data=!4m8!1m2!2m1!1skantor+lurah+purwo+kinanti+pakualaman!3m4!1s0x2e7a57810ed0a5a3:0x97c24aa07bc3fff7!8m2!3d-7.798986!4d110.375148
3471080002;https://www.google.com/maps/place/Kantor+Lurah+Gunungketur/@-7.8003271,110.3769125,18z/data=!4m8!1m2!2m1!1skantor+lurah+gunung+ketur+pakualaman!3m4!1s0x2e7a57820552b209:0x34e6178b61f248cc!8m2!3d-7.8012049!4d110.3778003
3471090001;https://www.google.com/maps/place/Kantor+Lurah+Prawirodirjan/@-7.8054965,110.3644174,16z/data=!4m8!1m2!2m1!1skantor+lurah+prawirodirjan+gondomanan!3m4!1s0x2e7a579b6c07ae2b:0x6f45d8cd6fc48c3d!8m2!3d-7.807925!4d110.371565
3471100001;https://www.google.com/maps/place/Kantor+Kelurahan+Notoprajan/@-7.8054662,110.353792,17z/data=!4m8!1m2!2m1!1skantor+lurah+notoprajan+ngampilan!3m4!1s0x2e7a578d224ceddb:0xde925888105050c7!8m2!3d-7.8046881!4d110.3560238
3471100002;https://www.google.com/maps/place/Kelurahan+Ngampilan/@-7.8031431,110.3547414,17z/data=!4m8!1m2!2m1!1skantor+lurah+ngampilan+ngampilan!3m4!1s0x2e7a578b9c84e30b:0x62b77564a432af10!8m2!3d-7.8000419!4d110.3579225
3471110001;https://www.google.co.id/maps/place/Kantor+Kelurahan+Patangpuluhan/@-7.8106316,110.3457714,17z/data=!3m1!4b1!4m5!3m4!1s0x2e7a57ee90c50783:0xe026915821667003!8m2!3d-7.8106316!4d110.3479601
3471110002;https://www.google.com/maps/place/Kantor+Kelurahan+Wirobrajan/@-7.8022772,110.3499875,15z/data=!4m8!1m2!2m1!1skantor+lurah+wirobrajan+wirobrajan!3m4!1s0x2e7a57f2ddb38645:0x7e7c36f0ad7351fc!8m2!3d-7.8047734!4d110.3533858
3471120001;https://www.google.com/maps/place/Kantor+Lurah+Pringgokusuman/@-7.7909058,110.3568792,18z/data=!4m8!1m2!2m1!1skantor+lurah+pringgokusuman+gedong+tengen!3m4!1s0x2e7a58219a3f04cf:0x871e8910d4875447!8m2!3d-7.7925777!4d110.357087
3471120002;https://www.google.com/maps/place/Kantor+Lurah+Sosromenduran/@-7.7909058,110.3608176,17z/data=!4m8!1m2!2m1!1skantor+lurah+sosromenduran+gedong+tengen!3m4!1s0x2e7a58266f0762c5:0x3aea2e040850e3fc!8m2!3d-7.7917741!4d110.3645482
3471130001;https://www.google.com/maps/place/Kantor+Kelurahan+Bumijo/@-7.786418,110.3544816,16z/data=!4m8!1m2!2m1!1skantor+lurah+bumijo+jetis!3m4!1s0x2e7a5823341cdbed:0xb92e5d93414cbce0!8m2!3d-7.786418!4d110.358859
3471130002;https://www.google.com/maps/place/Kantor+Kepala+Kelurahan+Gowongan/@-7.7845751,110.3562674,15z/data=!4m8!1m2!2m1!1skantor+lurah+gowongan+jetis!3m4!1s0x2e7a583ac068680d:0x2be5e1c946d6f68b!8m2!3d-7.7845751!4d110.3650221
3471140001;https://www.google.com/maps/place/Kantor+Kelurahan+Tegalrejo/@-7.5696079,110.2854437,11z/data=!4m8!1m2!2m1!1skantor+lurah+tegalrejo+tegalrejo!3m4!1s0x2e7a581f3b24db47:0xb21f51c5c0f4d9c3!8m2!3d-7.7924033!4d110.3524955
3471140002;https://www.google.com/maps/place/Kantor+Kelurahan+Bener/@-7.7767797,110.3448087,15z/data=!4m8!1m2!2m1!1skantor+lurah+bener+tegalrejo!3m4!1s0x2e7a581546529999:0x58f6acccb7739d29!8m2!3d-7.7767797!4d110.3535634
3471140004;https://www.google.com/maps/place/Kantor+Kelurahan+Karangwaru/@-7.7811428,110.3609132,15z/data=!4m8!1m2!2m1!1skantor+lurah+karangwaru+tegalrejo!3m4!1s0x2e7a58464fa6d613:0xca74ac2b1354447!8m2!3d-7.7724215!4d110.364568
3401040005;https://www.google.com/maps/place/Kantor+Kelurahan+Brosot/@-7.9400557,110.2391512,17z/data=!4m8!1m2!2m1!1skantor+desa+brosot!3m4!1s0x2e7afe76ed607bc9:0xe9e1ee8aaa2b0e6f!8m2!3d-7.9401593!4d110.2392974
3404030002;https://www.google.com/maps/place/Kantor+Kelurahan+Margodadi/@-7.7379069,110.2969274,17z/data=!4m12!1m6!3m5!1s0x2e7af64276c609f5:0xbfdb7105f24a5774!2sKantor+Kelurahan+Margodadi!8m2!3d-7.7379069!4d110.2991161!3m4!1s0x2e7af64276c609f5:0xbfdb7105f24a5774!8m2!3d-7.7379069!4d110.2991161
3404110003;https://www.google.com/maps/place/Kantor+Kepala+Desa+Widodomartani/@-7.6981618,110.4444719,17z/data=!4m8!1m2!2m1!1skantor+kelurahan+widodomartani!3m4!1s0x2e7a5c1223ff7cad:0x53a65b9c7e37bbb1!8m2!3d-7.698005!4d110.4444707
